accession	description	length	feature types	subtype	strain	topSubtype	subtypeFolder	spp	species
KY698821.1	Leishmania braziliensis strain MHOM/BR/75/M2904 clone M2904_42 minicircle kinetoplast, complete sequence	750	source	Leishmania braziliensis	MHOM/BR/75/M2904	True	subtype_Leishmania braziliensis	leishmania	leishmania
KY698820.1	Leishmania braziliensis strain MHOM/BR/75/M2904 clone M2904_41 minicircle kinetoplast, complete sequence	741	source	Leishmania braziliensis	MHOM/BR/75/M2904	True	subtype_Leishmania braziliensis	leishmania	leishmania
KY698819.1	Leishmania braziliensis strain MHOM/BR/75/M2904 clone M2904_40 minicircle kinetoplast, complete sequence	749	source	Leishmania braziliensis	MHOM/BR/75/M2904	True	subtype_Leishmania braziliensis	leishmania	leishmania
KY698818.1	Leishmania braziliensis strain MHOM/BR/75/M2904 clone M2904_39 minicircle kinetoplast, complete sequence	741	source	Leishmania braziliensis	MHOM/BR/75/M2904	True	subtype_Leishmania braziliensis	leishmania	leishmania
KY698817.1	Leishmania braziliensis strain MHOM/BR/75/M2904 clone M2904_38 minicircle kinetoplast, complete sequence	752	source	Leishmania braziliensis	MHOM/BR/75/M2904	True	subtype_Leishmania braziliensis	leishmania	leishmania
KY698816.1	Leishmania braziliensis strain MHOM/BR/75/M2904 clone M2904_37 minicircle kinetoplast, complete sequence	742	source	Leishmania braziliensis	MHOM/BR/75/M2904	True	subtype_Leishmania braziliensis	leishmania	leishmania
KY698815.1	Leishmania braziliensis strain MHOM/BR/75/M2904 clone M2904_36 minicircle kinetoplast, complete sequence	740	source	Leishmania braziliensis	MHOM/BR/75/M2904	True	subtype_Leishmania braziliensis	leishmania	leishmania
KY698814.1	Leishmania braziliensis strain MHOM/BR/75/M2904 clone M2904_35 minicircle kinetoplast, complete sequence	751	source	Leishmania braziliensis	MHOM/BR/75/M2904	True	subtype_Leishmania braziliensis	leishmania	leishmania
KY698813.1	Leishmania braziliensis strain MHOM/BR/75/M2904 clone M2904_34 minicircle kinetoplast, complete sequence	741	source	Leishmania braziliensis	MHOM/BR/75/M2904	True	subtype_Leishmania braziliensis	leishmania	leishmania
KY698812.1	Leishmania braziliensis strain MHOM/BR/75/M2904 clone M2904_33 minicircle kinetoplast, complete sequence	738	source	Leishmania braziliensis	MHOM/BR/75/M2904	True	subtype_Leishmania braziliensis	leishmania	leishmania
KY698811.1	Leishmania braziliensis strain MHOM/BR/75/M2904 clone M2904_32 minicircle kinetoplast, complete sequence	739	source	Leishmania braziliensis	MHOM/BR/75/M2904	True	subtype_Leishmania braziliensis	leishmania	leishmania
KY698810.1	Leishmania braziliensis strain MHOM/BR/75/M2904 clone M2904_31 minicircle kinetoplast, complete sequence	749	source	Leishmania braziliensis	MHOM/BR/75/M2904	True	subtype_Leishmania braziliensis	leishmania	leishmania
KY698809.1	Leishmania braziliensis strain MHOM/BR/75/M2904 clone M2904_30 minicircle kinetoplast, complete sequence	741	source	Leishmania braziliensis	MHOM/BR/75/M2904	True	subtype_Leishmania braziliensis	leishmania	leishmania
KY698808.1	Leishmania braziliensis strain MHOM/BR/75/M2904 clone M2904_29 minicircle kinetoplast, complete sequence	749	source	Leishmania braziliensis	MHOM/BR/75/M2904	True	subtype_Leishmania braziliensis	leishmania	leishmania
KY698807.1	Leishmania braziliensis strain MHOM/BR/75/M2904 clone M2904_28 minicircle kinetoplast, complete sequence	748	source	Leishmania braziliensis	MHOM/BR/75/M2904	True	subtype_Leishmania braziliensis	leishmania	leishmania
KY698806.1	Leishmania braziliensis strain MHOM/BR/75/M2904 clone M2904_27 minicircle kinetoplast, complete sequence	740	source	Leishmania braziliensis	MHOM/BR/75/M2904	True	subtype_Leishmania braziliensis	leishmania	leishmania
KY698805.1	Leishmania braziliensis strain MHOM/BR/75/M2904 clone M2904_26 minicircle kinetoplast, complete sequence	742	source	Leishmania braziliensis	MHOM/BR/75/M2904	True	subtype_Leishmania braziliensis	leishmania	leishmania
KY698804.1	Leishmania braziliensis strain MHOM/BR/75/M2904 clone M2904_25 minicircle kinetoplast, complete sequence	739	source	Leishmania braziliensis	MHOM/BR/75/M2904	True	subtype_Leishmania braziliensis	leishmania	leishmania
KY698803.1	Leishmania braziliensis strain MHOM/BR/75/M2904 clone M2904_24 minicircle kinetoplast, complete sequence	740	source	Leishmania braziliensis	MHOM/BR/75/M2904	True	subtype_Leishmania braziliensis	leishmania	leishmania
KY698802.1	Leishmania braziliensis strain MHOM/BR/75/M2904 clone M2904_23 minicircle kinetoplast, complete sequence	741	source	Leishmania braziliensis	MHOM/BR/75/M2904	True	subtype_Leishmania braziliensis	leishmania	leishmania
KY698801.1	Leishmania braziliensis strain MHOM/BR/75/M2904 clone M2904_22 minicircle kinetoplast, complete sequence	748	source	Leishmania braziliensis	MHOM/BR/75/M2904	True	subtype_Leishmania braziliensis	leishmania	leishmania
KY698800.1	Leishmania braziliensis strain MHOM/BR/75/M2904 clone M2904_21 minicircle kinetoplast, complete sequence	751	source	Leishmania braziliensis	MHOM/BR/75/M2904	True	subtype_Leishmania braziliensis	leishmania	leishmania
KY698799.1	Leishmania braziliensis strain MHOM/BR/75/M2904 clone M2904_20 minicircle kinetoplast, complete sequence	759	source	Leishmania braziliensis	MHOM/BR/75/M2904	True	subtype_Leishmania braziliensis	leishmania	leishmania
KY698798.1	Leishmania braziliensis strain MHOM/BR/75/M2904 clone M2904_19 minicircle kinetoplast, complete sequence	750	source	Leishmania braziliensis	MHOM/BR/75/M2904	True	subtype_Leishmania braziliensis	leishmania	leishmania
KY698797.1	Leishmania braziliensis strain MHOM/BR/75/M2904 clone M2904_18 minicircle kinetoplast, complete sequence	742	source	Leishmania braziliensis	MHOM/BR/75/M2904	True	subtype_Leishmania braziliensis	leishmania	leishmania
KY698796.1	Leishmania braziliensis strain MHOM/BR/75/M2904 clone M2904_17 minicircle kinetoplast, complete sequence	752	source	Leishmania braziliensis	MHOM/BR/75/M2904	True	subtype_Leishmania braziliensis	leishmania	leishmania
KY698795.1	Leishmania braziliensis strain MHOM/BR/75/M2904 clone M2904_16 minicircle kinetoplast, complete sequence	740	source	Leishmania braziliensis	MHOM/BR/75/M2904	True	subtype_Leishmania braziliensis	leishmania	leishmania
KY698794.1	Leishmania braziliensis strain MHOM/BR/75/M2904 clone M2904_15 minicircle kinetoplast, complete sequence	758	source	Leishmania braziliensis	MHOM/BR/75/M2904	True	subtype_Leishmania braziliensis	leishmania	leishmania
KY698793.1	Leishmania braziliensis strain MHOM/BR/75/M2904 clone M2904_14 minicircle kinetoplast, complete sequence	750	source	Leishmania braziliensis	MHOM/BR/75/M2904	True	subtype_Leishmania braziliensis	leishmania	leishmania
KY698792.1	Leishmania braziliensis strain MHOM/BR/75/M2904 clone M2904_13 minicircle kinetoplast, complete sequence	752	source	Leishmania braziliensis	MHOM/BR/75/M2904	True	subtype_Leishmania braziliensis	leishmania	leishmania
KY698791.1	Leishmania braziliensis strain MHOM/BR/75/M2904 clone M2904_12 minicircle kinetoplast, complete sequence	749	source	Leishmania braziliensis	MHOM/BR/75/M2904	True	subtype_Leishmania braziliensis	leishmania	leishmania
KY698790.1	Leishmania braziliensis strain MHOM/BR/75/M2904 clone M2904_11 minicircle kinetoplast, complete sequence	741	source	Leishmania braziliensis	MHOM/BR/75/M2904	True	subtype_Leishmania braziliensis	leishmania	leishmania
KY698789.1	Leishmania braziliensis strain MHOM/BR/75/M2904 clone M2904_10 minicircle kinetoplast, complete sequence	763	source	Leishmania braziliensis	MHOM/BR/75/M2904	True	subtype_Leishmania braziliensis	leishmania	leishmania
KY698788.1	Leishmania braziliensis strain MHOM/BR/75/M2904 clone M2904_9 minicircle kinetoplast, complete sequence	741	source	Leishmania braziliensis	MHOM/BR/75/M2904	True	subtype_Leishmania braziliensis	leishmania	leishmania
KY698787.1	Leishmania braziliensis strain MHOM/BR/75/M2904 clone M2904_8 minicircle kinetoplast, complete sequence	741	source	Leishmania braziliensis	MHOM/BR/75/M2904	True	subtype_Leishmania braziliensis	leishmania	leishmania
KY698786.1	Leishmania braziliensis strain MHOM/BR/75/M2904 clone M2904_7 minicircle kinetoplast, complete sequence	760	source	Leishmania braziliensis	MHOM/BR/75/M2904	True	subtype_Leishmania braziliensis	leishmania	leishmania
KY698785.1	Leishmania braziliensis strain MHOM/BR/75/M2904 clone M2904_6 minicircle kinetoplast, complete sequence	739	source	Leishmania braziliensis	MHOM/BR/75/M2904	True	subtype_Leishmania braziliensis	leishmania	leishmania
KY698784.1	Leishmania braziliensis strain MHOM/BR/75/M2904 clone M2904_5 minicircle kinetoplast, complete sequence	749	source	Leishmania braziliensis	MHOM/BR/75/M2904	True	subtype_Leishmania braziliensis	leishmania	leishmania
KY698783.1	Leishmania braziliensis strain MHOM/BR/75/M2904 clone M2904_4 minicircle kinetoplast, complete sequence	750	source	Leishmania braziliensis	MHOM/BR/75/M2904	True	subtype_Leishmania braziliensis	leishmania	leishmania
KY698782.1	Leishmania braziliensis strain MHOM/BR/75/M2904 clone M2904_3 minicircle kinetoplast, complete sequence	760	source	Leishmania braziliensis	MHOM/BR/75/M2904	True	subtype_Leishmania braziliensis	leishmania	leishmania
KY698781.1	Leishmania braziliensis strain MHOM/BR/75/M2904 clone M2904_2 minicircle kinetoplast, complete sequence	741	source	Leishmania braziliensis	MHOM/BR/75/M2904	True	subtype_Leishmania braziliensis	leishmania	leishmania
KY698780.1	Leishmania braziliensis strain MHOM/BR/75/M2904 clone M2904_1 minicircle kinetoplast, complete sequence	752	source	Leishmania braziliensis	MHOM/BR/75/M2904	True	subtype_Leishmania braziliensis	leishmania	leishmania
KY698779.1	Leishmania braziliensis strain MHOM/PE/89/LH754 clone LH754_120 minicircle kinetoplast, complete sequence	751	source	Leishmania braziliensis	MHOM/PE/89/LH754	True	subtype_Leishmania braziliensis	leishmania	leishmania
KY698778.1	Leishmania braziliensis strain MHOM/PE/89/LH754 clone LH754_119 minicircle kinetoplast, complete sequence	751	source	Leishmania braziliensis	MHOM/PE/89/LH754	True	subtype_Leishmania braziliensis	leishmania	leishmania
KY698777.1	Leishmania braziliensis strain MHOM/PE/89/LH754 clone LH754_118 minicircle kinetoplast, complete sequence	750	source	Leishmania braziliensis	MHOM/PE/89/LH754	True	subtype_Leishmania braziliensis	leishmania	leishmania
KY698776.1	Leishmania braziliensis strain MHOM/PE/89/LH754 clone LH754_117 minicircle kinetoplast, complete sequence	749	source	Leishmania braziliensis	MHOM/PE/89/LH754	True	subtype_Leishmania braziliensis	leishmania	leishmania
KY698775.1	Leishmania braziliensis strain MHOM/PE/89/LH754 clone LH754_116 minicircle kinetoplast, complete sequence	761	source	Leishmania braziliensis	MHOM/PE/89/LH754	True	subtype_Leishmania braziliensis	leishmania	leishmania
KY698774.1	Leishmania braziliensis strain MHOM/PE/89/LH754 clone LH754_115 minicircle kinetoplast, complete sequence	754	source	Leishmania braziliensis	MHOM/PE/89/LH754	True	subtype_Leishmania braziliensis	leishmania	leishmania
KY698773.1	Leishmania braziliensis strain MHOM/PE/89/LH754 clone LH754_114 minicircle kinetoplast, complete sequence	742	source	Leishmania braziliensis	MHOM/PE/89/LH754	True	subtype_Leishmania braziliensis	leishmania	leishmania
KY698772.1	Leishmania braziliensis strain MHOM/PE/89/LH754 clone LH754_113 minicircle kinetoplast, complete sequence	738	source	Leishmania braziliensis	MHOM/PE/89/LH754	True	subtype_Leishmania braziliensis	leishmania	leishmania
KY698771.1	Leishmania braziliensis strain MHOM/PE/89/LH754 clone LH754_112 minicircle kinetoplast, complete sequence	753	source	Leishmania braziliensis	MHOM/PE/89/LH754	True	subtype_Leishmania braziliensis	leishmania	leishmania
KY698770.1	Leishmania braziliensis strain MHOM/PE/89/LH754 clone LH754_111 minicircle kinetoplast, complete sequence	741	source	Leishmania braziliensis	MHOM/PE/89/LH754	True	subtype_Leishmania braziliensis	leishmania	leishmania
KY698769.1	Leishmania braziliensis strain MHOM/PE/89/LH754 clone LH754_110 minicircle kinetoplast, complete sequence	740	source	Leishmania braziliensis	MHOM/PE/89/LH754	True	subtype_Leishmania braziliensis	leishmania	leishmania
KY698768.1	Leishmania braziliensis strain MHOM/PE/89/LH754 clone LH754_109 minicircle kinetoplast, complete sequence	741	source	Leishmania braziliensis	MHOM/PE/89/LH754	True	subtype_Leishmania braziliensis	leishmania	leishmania
KY698767.1	Leishmania braziliensis strain MHOM/PE/89/LH754 clone LH754_108 minicircle kinetoplast, complete sequence	742	source	Leishmania braziliensis	MHOM/PE/89/LH754	True	subtype_Leishmania braziliensis	leishmania	leishmania
KY698766.1	Leishmania braziliensis strain MHOM/PE/89/LH754 clone LH754_107 minicircle kinetoplast, complete sequence	742	source	Leishmania braziliensis	MHOM/PE/89/LH754	True	subtype_Leishmania braziliensis	leishmania	leishmania
KY698765.1	Leishmania braziliensis strain MHOM/PE/89/LH754 clone LH754_106 minicircle kinetoplast, complete sequence	751	source	Leishmania braziliensis	MHOM/PE/89/LH754	True	subtype_Leishmania braziliensis	leishmania	leishmania
KY698764.1	Leishmania braziliensis strain MHOM/PE/89/LH754 clone LH754_105 minicircle kinetoplast, complete sequence	741	source	Leishmania braziliensis	MHOM/PE/89/LH754	True	subtype_Leishmania braziliensis	leishmania	leishmania
KY698763.1	Leishmania braziliensis strain MHOM/PE/89/LH754 clone LH754_104 minicircle kinetoplast, complete sequence	761	source	Leishmania braziliensis	MHOM/PE/89/LH754	True	subtype_Leishmania braziliensis	leishmania	leishmania
KY698762.1	Leishmania braziliensis strain MHOM/PE/89/LH754 clone LH754_103 minicircle kinetoplast, complete sequence	738	source	Leishmania braziliensis	MHOM/PE/89/LH754	True	subtype_Leishmania braziliensis	leishmania	leishmania
KY698761.1	Leishmania braziliensis strain MHOM/PE/89/LH754 clone LH754_102 minicircle kinetoplast, complete sequence	741	source	Leishmania braziliensis	MHOM/PE/89/LH754	True	subtype_Leishmania braziliensis	leishmania	leishmania
KY698760.1	Leishmania braziliensis strain MHOM/PE/89/LH754 clone LH754_101 minicircle kinetoplast, complete sequence	750	source	Leishmania braziliensis	MHOM/PE/89/LH754	True	subtype_Leishmania braziliensis	leishmania	leishmania
KY698759.1	Leishmania braziliensis strain MHOM/PE/89/LH754 clone LH754_100 minicircle kinetoplast, complete sequence	740	source	Leishmania braziliensis	MHOM/PE/89/LH754	True	subtype_Leishmania braziliensis	leishmania	leishmania
KY698758.1	Leishmania braziliensis strain MHOM/PE/89/LH754 clone LH754_99 minicircle kinetoplast, complete sequence	742	source	Leishmania braziliensis	MHOM/PE/89/LH754	True	subtype_Leishmania braziliensis	leishmania	leishmania
KY698757.1	Leishmania braziliensis strain MHOM/PE/89/LH754 clone LH754_98 minicircle kinetoplast, complete sequence	709	source	Leishmania braziliensis	MHOM/PE/89/LH754	True	subtype_Leishmania braziliensis	leishmania	leishmania
KY698756.1	Leishmania braziliensis strain MHOM/PE/89/LH754 clone LH754_97 minicircle kinetoplast, complete sequence	757	source	Leishmania braziliensis	MHOM/PE/89/LH754	True	subtype_Leishmania braziliensis	leishmania	leishmania
KY698755.1	Leishmania braziliensis strain MHOM/PE/89/LH754 clone LH754_96 minicircle kinetoplast, complete sequence	750	source	Leishmania braziliensis	MHOM/PE/89/LH754	True	subtype_Leishmania braziliensis	leishmania	leishmania
KY698754.1	Leishmania braziliensis strain MHOM/PE/89/LH754 clone LH754_95 minicircle kinetoplast, complete sequence	751	source	Leishmania braziliensis	MHOM/PE/89/LH754	True	subtype_Leishmania braziliensis	leishmania	leishmania
KY698753.1	Leishmania braziliensis strain MHOM/PE/89/LH754 clone LH754_94 minicircle kinetoplast, complete sequence	750	source	Leishmania braziliensis	MHOM/PE/89/LH754	True	subtype_Leishmania braziliensis	leishmania	leishmania
KY698752.1	Leishmania braziliensis strain MHOM/PE/89/LH754 clone LH754_93 minicircle kinetoplast, complete sequence	737	source	Leishmania braziliensis	MHOM/PE/89/LH754	True	subtype_Leishmania braziliensis	leishmania	leishmania
KY698751.1	Leishmania braziliensis strain MHOM/PE/89/LH754 clone LH754_92 minicircle kinetoplast, complete sequence	753	source	Leishmania braziliensis	MHOM/PE/89/LH754	True	subtype_Leishmania braziliensis	leishmania	leishmania
KY698750.1	Leishmania braziliensis strain MHOM/PE/89/LH754 clone LH754_91 minicircle kinetoplast, complete sequence	748	source	Leishmania braziliensis	MHOM/PE/89/LH754	True	subtype_Leishmania braziliensis	leishmania	leishmania
KY698749.1	Leishmania braziliensis strain MHOM/PE/89/LH754 clone LH754_90 minicircle kinetoplast, complete sequence	741	source	Leishmania braziliensis	MHOM/PE/89/LH754	True	subtype_Leishmania braziliensis	leishmania	leishmania
KY698748.1	Leishmania braziliensis strain MHOM/PE/89/LH754 clone LH754_89 minicircle kinetoplast, complete sequence	752	source	Leishmania braziliensis	MHOM/PE/89/LH754	True	subtype_Leishmania braziliensis	leishmania	leishmania
KY698747.1	Leishmania braziliensis strain MHOM/PE/89/LH754 clone LH754_88 minicircle kinetoplast, complete sequence	748	source	Leishmania braziliensis	MHOM/PE/89/LH754	True	subtype_Leishmania braziliensis	leishmania	leishmania
KY698746.1	Leishmania braziliensis strain MHOM/PE/89/LH754 clone LH754_87 minicircle kinetoplast, complete sequence	740	source	Leishmania braziliensis	MHOM/PE/89/LH754	True	subtype_Leishmania braziliensis	leishmania	leishmania
KY698745.1	Leishmania braziliensis strain MHOM/PE/89/LH754 clone LH754_86 minicircle kinetoplast, complete sequence	750	source	Leishmania braziliensis	MHOM/PE/89/LH754	True	subtype_Leishmania braziliensis	leishmania	leishmania
KY698744.1	Leishmania braziliensis strain MHOM/PE/89/LH754 clone LH754_85 minicircle kinetoplast, complete sequence	750	source	Leishmania braziliensis	MHOM/PE/89/LH754	True	subtype_Leishmania braziliensis	leishmania	leishmania
KY698743.1	Leishmania braziliensis strain MHOM/PE/89/LH754 clone LH754_84 minicircle kinetoplast, complete sequence	748	source	Leishmania braziliensis	MHOM/PE/89/LH754	True	subtype_Leishmania braziliensis	leishmania	leishmania
KY698742.1	Leishmania braziliensis strain MHOM/PE/89/LH754 clone LH754_83 minicircle kinetoplast, complete sequence	758	source	Leishmania braziliensis	MHOM/PE/89/LH754	True	subtype_Leishmania braziliensis	leishmania	leishmania
KY698741.1	Leishmania braziliensis strain MHOM/PE/89/LH754 clone LH754_82 minicircle kinetoplast, complete sequence	749	source	Leishmania braziliensis	MHOM/PE/89/LH754	True	subtype_Leishmania braziliensis	leishmania	leishmania
KY698740.1	Leishmania braziliensis strain MHOM/PE/89/LH754 clone LH754_81 minicircle kinetoplast, complete sequence	749	source	Leishmania braziliensis	MHOM/PE/89/LH754	True	subtype_Leishmania braziliensis	leishmania	leishmania
KY698739.1	Leishmania braziliensis strain MHOM/PE/89/LH754 clone LH754_80 minicircle kinetoplast, complete sequence	745	source	Leishmania braziliensis	MHOM/PE/89/LH754	True	subtype_Leishmania braziliensis	leishmania	leishmania
KY698738.1	Leishmania braziliensis strain MHOM/PE/89/LH754 clone LH754_79 minicircle kinetoplast, complete sequence	749	source	Leishmania braziliensis	MHOM/PE/89/LH754	True	subtype_Leishmania braziliensis	leishmania	leishmania
KY698737.1	Leishmania braziliensis strain MHOM/PE/89/LH754 clone LH754_78 minicircle kinetoplast, complete sequence	740	source	Leishmania braziliensis	MHOM/PE/89/LH754	True	subtype_Leishmania braziliensis	leishmania	leishmania
KY698736.1	Leishmania braziliensis strain MHOM/PE/89/LH754 clone LH754_77 minicircle kinetoplast, complete sequence	741	source	Leishmania braziliensis	MHOM/PE/89/LH754	True	subtype_Leishmania braziliensis	leishmania	leishmania
KY698735.1	Leishmania braziliensis strain MHOM/PE/89/LH754 clone LH754_76 minicircle kinetoplast, complete sequence	741	source	Leishmania braziliensis	MHOM/PE/89/LH754	True	subtype_Leishmania braziliensis	leishmania	leishmania
KY698734.1	Leishmania braziliensis strain MHOM/PE/89/LH754 clone LH754_75 minicircle kinetoplast, complete sequence	742	source	Leishmania braziliensis	MHOM/PE/89/LH754	True	subtype_Leishmania braziliensis	leishmania	leishmania
KY698733.1	Leishmania braziliensis strain MHOM/PE/89/LH754 clone LH754_74 minicircle kinetoplast, complete sequence	749	source	Leishmania braziliensis	MHOM/PE/89/LH754	True	subtype_Leishmania braziliensis	leishmania	leishmania
KY698732.1	Leishmania braziliensis strain MHOM/PE/89/LH754 clone LH754_73 minicircle kinetoplast, complete sequence	751	source	Leishmania braziliensis	MHOM/PE/89/LH754	True	subtype_Leishmania braziliensis	leishmania	leishmania
KY698731.1	Leishmania braziliensis strain MHOM/PE/89/LH754 clone LH754_72 minicircle kinetoplast, complete sequence	751	source	Leishmania braziliensis	MHOM/PE/89/LH754	True	subtype_Leishmania braziliensis	leishmania	leishmania
KY698730.1	Leishmania braziliensis strain MHOM/PE/89/LH754 clone LH754_71 minicircle kinetoplast, complete sequence	740	source	Leishmania braziliensis	MHOM/PE/89/LH754	True	subtype_Leishmania braziliensis	leishmania	leishmania
KY698729.1	Leishmania braziliensis strain MHOM/PE/89/LH754 clone LH754_70 minicircle kinetoplast, complete sequence	749	source	Leishmania braziliensis	MHOM/PE/89/LH754	True	subtype_Leishmania braziliensis	leishmania	leishmania
KY698728.1	Leishmania braziliensis strain MHOM/PE/89/LH754 clone LH754_69 minicircle kinetoplast, complete sequence	750	source	Leishmania braziliensis	MHOM/PE/89/LH754	True	subtype_Leishmania braziliensis	leishmania	leishmania
KY698727.1	Leishmania braziliensis strain MHOM/PE/89/LH754 clone LH754_68 minicircle kinetoplast, complete sequence	751	source	Leishmania braziliensis	MHOM/PE/89/LH754	True	subtype_Leishmania braziliensis	leishmania	leishmania
KY698726.1	Leishmania braziliensis strain MHOM/PE/89/LH754 clone LH754_67 minicircle kinetoplast, complete sequence	739	source	Leishmania braziliensis	MHOM/PE/89/LH754	True	subtype_Leishmania braziliensis	leishmania	leishmania
KY698725.1	Leishmania braziliensis strain MHOM/PE/89/LH754 clone LH754_66 minicircle kinetoplast, complete sequence	740	source	Leishmania braziliensis	MHOM/PE/89/LH754	True	subtype_Leishmania braziliensis	leishmania	leishmania
KY698724.1	Leishmania braziliensis strain MHOM/PE/89/LH754 clone LH754_65 minicircle kinetoplast, complete sequence	750	source	Leishmania braziliensis	MHOM/PE/89/LH754	True	subtype_Leishmania braziliensis	leishmania	leishmania
KY698723.1	Leishmania braziliensis strain MHOM/PE/89/LH754 clone LH754_64 minicircle kinetoplast, complete sequence	752	source	Leishmania braziliensis	MHOM/PE/89/LH754	True	subtype_Leishmania braziliensis	leishmania	leishmania
KY698722.1	Leishmania braziliensis strain MHOM/PE/89/LH754 clone LH754_63 minicircle kinetoplast, complete sequence	744	source	Leishmania braziliensis	MHOM/PE/89/LH754	True	subtype_Leishmania braziliensis	leishmania	leishmania
KY698721.1	Leishmania braziliensis strain MHOM/PE/89/LH754 clone LH754_62 minicircle kinetoplast, complete sequence	752	source	Leishmania braziliensis	MHOM/PE/89/LH754	True	subtype_Leishmania braziliensis	leishmania	leishmania
KY698720.1	Leishmania braziliensis strain MHOM/PE/89/LH754 clone LH754_61 minicircle kinetoplast, complete sequence	739	source	Leishmania braziliensis	MHOM/PE/89/LH754	True	subtype_Leishmania braziliensis	leishmania	leishmania
KY698719.1	Leishmania braziliensis strain MHOM/PE/89/LH754 clone LH754_60 minicircle kinetoplast, complete sequence	740	source	Leishmania braziliensis	MHOM/PE/89/LH754	True	subtype_Leishmania braziliensis	leishmania	leishmania
KY698718.1	Leishmania braziliensis strain MHOM/PE/89/LH754 clone LH754_59 minicircle kinetoplast, complete sequence	741	source	Leishmania braziliensis	MHOM/PE/89/LH754	True	subtype_Leishmania braziliensis	leishmania	leishmania
KY698717.1	Leishmania braziliensis strain MHOM/PE/89/LH754 clone LH754_58 minicircle kinetoplast, complete sequence	749	source	Leishmania braziliensis	MHOM/PE/89/LH754	True	subtype_Leishmania braziliensis	leishmania	leishmania
KY698716.1	Leishmania braziliensis strain MHOM/PE/89/LH754 clone LH754_57 minicircle kinetoplast, complete sequence	739	source	Leishmania braziliensis	MHOM/PE/89/LH754	True	subtype_Leishmania braziliensis	leishmania	leishmania
KY698715.1	Leishmania braziliensis strain MHOM/PE/89/LH754 clone LH754_56 minicircle kinetoplast, complete sequence	739	source	Leishmania braziliensis	MHOM/PE/89/LH754	True	subtype_Leishmania braziliensis	leishmania	leishmania
KY698714.1	Leishmania braziliensis strain MHOM/PE/89/LH754 clone LH754_55 minicircle kinetoplast, complete sequence	743	source	Leishmania braziliensis	MHOM/PE/89/LH754	True	subtype_Leishmania braziliensis	leishmania	leishmania
KY698713.1	Leishmania braziliensis strain MHOM/PE/89/LH754 clone LH754_54 minicircle kinetoplast, complete sequence	752	source	Leishmania braziliensis	MHOM/PE/89/LH754	True	subtype_Leishmania braziliensis	leishmania	leishmania
KY698712.1	Leishmania braziliensis strain MHOM/PE/89/LH754 clone LH754_53 minicircle kinetoplast, complete sequence	739	source	Leishmania braziliensis	MHOM/PE/89/LH754	True	subtype_Leishmania braziliensis	leishmania	leishmania
KY698711.1	Leishmania braziliensis strain MHOM/PE/89/LH754 clone LH754_52 minicircle kinetoplast, complete sequence	739	source	Leishmania braziliensis	MHOM/PE/89/LH754	True	subtype_Leishmania braziliensis	leishmania	leishmania
KY698710.1	Leishmania braziliensis strain MHOM/PE/89/LH754 clone LH754_51 minicircle kinetoplast, complete sequence	751	source	Leishmania braziliensis	MHOM/PE/89/LH754	True	subtype_Leishmania braziliensis	leishmania	leishmania
KY698709.1	Leishmania braziliensis strain MHOM/PE/89/LH754 clone LH754_50 minicircle kinetoplast, complete sequence	750	source	Leishmania braziliensis	MHOM/PE/89/LH754	True	subtype_Leishmania braziliensis	leishmania	leishmania
KY698708.1	Leishmania braziliensis strain MHOM/PE/89/LH754 clone LH754_49 minicircle kinetoplast, complete sequence	740	source	Leishmania braziliensis	MHOM/PE/89/LH754	True	subtype_Leishmania braziliensis	leishmania	leishmania
KY698707.1	Leishmania braziliensis strain MHOM/PE/89/LH754 clone LH754_48 minicircle kinetoplast, complete sequence	763	source	Leishmania braziliensis	MHOM/PE/89/LH754	True	subtype_Leishmania braziliensis	leishmania	leishmania
KY698706.1	Leishmania braziliensis strain MHOM/PE/89/LH754 clone LH754_47 minicircle kinetoplast, complete sequence	739	source	Leishmania braziliensis	MHOM/PE/89/LH754	True	subtype_Leishmania braziliensis	leishmania	leishmania
KY698705.1	Leishmania braziliensis strain MHOM/PE/89/LH754 clone LH754_46 minicircle kinetoplast, complete sequence	752	source	Leishmania braziliensis	MHOM/PE/89/LH754	True	subtype_Leishmania braziliensis	leishmania	leishmania
KY698704.1	Leishmania braziliensis strain MHOM/PE/89/LH754 clone LH754_45 minicircle kinetoplast, complete sequence	739	source	Leishmania braziliensis	MHOM/PE/89/LH754	True	subtype_Leishmania braziliensis	leishmania	leishmania
KY698703.1	Leishmania braziliensis strain MHOM/PE/89/LH754 clone LH754_44 minicircle kinetoplast, complete sequence	749	source	Leishmania braziliensis	MHOM/PE/89/LH754	True	subtype_Leishmania braziliensis	leishmania	leishmania
KY698702.1	Leishmania braziliensis strain MHOM/PE/89/LH754 clone LH754_43 minicircle kinetoplast, complete sequence	741	source	Leishmania braziliensis	MHOM/PE/89/LH754	True	subtype_Leishmania braziliensis	leishmania	leishmania
KY698701.1	Leishmania braziliensis strain MHOM/PE/89/LH754 clone LH754_42 minicircle kinetoplast, complete sequence	750	source	Leishmania braziliensis	MHOM/PE/89/LH754	True	subtype_Leishmania braziliensis	leishmania	leishmania
KY698700.1	Leishmania braziliensis strain MHOM/PE/89/LH754 clone LH754_41 minicircle kinetoplast, complete sequence	759	source	Leishmania braziliensis	MHOM/PE/89/LH754	True	subtype_Leishmania braziliensis	leishmania	leishmania
KY698699.1	Leishmania braziliensis strain MHOM/PE/89/LH754 clone LH754_40 minicircle kinetoplast, complete sequence	751	source	Leishmania braziliensis	MHOM/PE/89/LH754	True	subtype_Leishmania braziliensis	leishmania	leishmania
KY698698.1	Leishmania braziliensis strain MHOM/PE/89/LH754 clone LH754_39 minicircle kinetoplast, complete sequence	740	source	Leishmania braziliensis	MHOM/PE/89/LH754	True	subtype_Leishmania braziliensis	leishmania	leishmania
KY698697.1	Leishmania braziliensis strain MHOM/PE/89/LH754 clone LH754_38 minicircle kinetoplast, complete sequence	740	source	Leishmania braziliensis	MHOM/PE/89/LH754	True	subtype_Leishmania braziliensis	leishmania	leishmania
KY698696.1	Leishmania braziliensis strain MHOM/PE/89/LH754 clone LH754_37 minicircle kinetoplast, complete sequence	740	source	Leishmania braziliensis	MHOM/PE/89/LH754	True	subtype_Leishmania braziliensis	leishmania	leishmania
KY698695.1	Leishmania braziliensis strain MHOM/PE/89/LH754 clone LH754_36 minicircle kinetoplast, complete sequence	739	source	Leishmania braziliensis	MHOM/PE/89/LH754	True	subtype_Leishmania braziliensis	leishmania	leishmania
KY698694.1	Leishmania braziliensis strain MHOM/PE/89/LH754 clone LH754_35 minicircle kinetoplast, complete sequence	750	source	Leishmania braziliensis	MHOM/PE/89/LH754	True	subtype_Leishmania braziliensis	leishmania	leishmania
KY698693.1	Leishmania braziliensis strain MHOM/PE/89/LH754 clone LH754_34 minicircle kinetoplast, complete sequence	751	source	Leishmania braziliensis	MHOM/PE/89/LH754	True	subtype_Leishmania braziliensis	leishmania	leishmania
KY698692.1	Leishmania braziliensis strain MHOM/PE/89/LH754 clone LH754_33 minicircle kinetoplast, complete sequence	750	source	Leishmania braziliensis	MHOM/PE/89/LH754	True	subtype_Leishmania braziliensis	leishmania	leishmania
KY698691.1	Leishmania braziliensis strain MHOM/PE/89/LH754 clone LH754_32 minicircle kinetoplast, complete sequence	739	source	Leishmania braziliensis	MHOM/PE/89/LH754	True	subtype_Leishmania braziliensis	leishmania	leishmania
KY698690.1	Leishmania braziliensis strain MHOM/PE/89/LH754 clone LH754_31 minicircle kinetoplast, complete sequence	748	source	Leishmania braziliensis	MHOM/PE/89/LH754	True	subtype_Leishmania braziliensis	leishmania	leishmania
KY698689.1	Leishmania braziliensis strain MHOM/PE/89/LH754 clone LH754_30 minicircle kinetoplast, complete sequence	749	source	Leishmania braziliensis	MHOM/PE/89/LH754	True	subtype_Leishmania braziliensis	leishmania	leishmania
KY698688.1	Leishmania braziliensis strain MHOM/PE/89/LH754 clone LH754_29 minicircle kinetoplast, complete sequence	740	source	Leishmania braziliensis	MHOM/PE/89/LH754	True	subtype_Leishmania braziliensis	leishmania	leishmania
KY698687.1	Leishmania braziliensis strain MHOM/PE/89/LH754 clone LH754_28 minicircle kinetoplast, complete sequence	751	source	Leishmania braziliensis	MHOM/PE/89/LH754	True	subtype_Leishmania braziliensis	leishmania	leishmania
KY698686.1	Leishmania braziliensis strain MHOM/PE/89/LH754 clone LH754_27 minicircle kinetoplast, complete sequence	740	source	Leishmania braziliensis	MHOM/PE/89/LH754	True	subtype_Leishmania braziliensis	leishmania	leishmania
KY698685.1	Leishmania braziliensis strain MHOM/PE/89/LH754 clone LH754_26 minicircle kinetoplast, complete sequence	745	source	Leishmania braziliensis	MHOM/PE/89/LH754	True	subtype_Leishmania braziliensis	leishmania	leishmania
KY698684.1	Leishmania braziliensis strain MHOM/PE/89/LH754 clone LH754_25 minicircle kinetoplast, complete sequence	760	source	Leishmania braziliensis	MHOM/PE/89/LH754	True	subtype_Leishmania braziliensis	leishmania	leishmania
KY698683.1	Leishmania braziliensis strain MHOM/PE/89/LH754 clone LH754_24 minicircle kinetoplast, complete sequence	750	source	Leishmania braziliensis	MHOM/PE/89/LH754	True	subtype_Leishmania braziliensis	leishmania	leishmania
KY698682.1	Leishmania braziliensis strain MHOM/PE/89/LH754 clone LH754_23 minicircle kinetoplast, complete sequence	752	source	Leishmania braziliensis	MHOM/PE/89/LH754	True	subtype_Leishmania braziliensis	leishmania	leishmania
KY698681.1	Leishmania braziliensis strain MHOM/PE/89/LH754 clone LH754_22 minicircle kinetoplast, complete sequence	740	source	Leishmania braziliensis	MHOM/PE/89/LH754	True	subtype_Leishmania braziliensis	leishmania	leishmania
KY698680.1	Leishmania braziliensis strain MHOM/PE/89/LH754 clone LH754_21 minicircle kinetoplast, complete sequence	751	source	Leishmania braziliensis	MHOM/PE/89/LH754	True	subtype_Leishmania braziliensis	leishmania	leishmania
KY698679.1	Leishmania braziliensis strain MHOM/PE/89/LH754 clone LH754_20 minicircle kinetoplast, complete sequence	740	source	Leishmania braziliensis	MHOM/PE/89/LH754	True	subtype_Leishmania braziliensis	leishmania	leishmania
KY698678.1	Leishmania braziliensis strain MHOM/PE/89/LH754 clone LH754_19 minicircle kinetoplast, complete sequence	751	source	Leishmania braziliensis	MHOM/PE/89/LH754	True	subtype_Leishmania braziliensis	leishmania	leishmania
KY698677.1	Leishmania braziliensis strain MHOM/PE/89/LH754 clone LH754_18 minicircle kinetoplast, complete sequence	750	source	Leishmania braziliensis	MHOM/PE/89/LH754	True	subtype_Leishmania braziliensis	leishmania	leishmania
KY698676.1	Leishmania braziliensis strain MHOM/PE/89/LH754 clone LH754_17 minicircle kinetoplast, complete sequence	741	source	Leishmania braziliensis	MHOM/PE/89/LH754	True	subtype_Leishmania braziliensis	leishmania	leishmania
KY698675.1	Leishmania braziliensis strain MHOM/PE/89/LH754 clone LH754_16 minicircle kinetoplast, complete sequence	740	source	Leishmania braziliensis	MHOM/PE/89/LH754	True	subtype_Leishmania braziliensis	leishmania	leishmania
KY698674.1	Leishmania braziliensis strain MHOM/PE/89/LH754 clone LH754_15 minicircle kinetoplast, complete sequence	740	source	Leishmania braziliensis	MHOM/PE/89/LH754	True	subtype_Leishmania braziliensis	leishmania	leishmania
KY698673.1	Leishmania braziliensis strain MHOM/PE/89/LH754 clone LH754_14 minicircle kinetoplast, complete sequence	751	source	Leishmania braziliensis	MHOM/PE/89/LH754	True	subtype_Leishmania braziliensis	leishmania	leishmania
KY698672.1	Leishmania braziliensis strain MHOM/PE/89/LH754 clone LH754_13 minicircle kinetoplast, complete sequence	751	source	Leishmania braziliensis	MHOM/PE/89/LH754	True	subtype_Leishmania braziliensis	leishmania	leishmania
KY698671.1	Leishmania braziliensis strain MHOM/PE/89/LH754 clone LH754_12 minicircle kinetoplast, complete sequence	751	source	Leishmania braziliensis	MHOM/PE/89/LH754	True	subtype_Leishmania braziliensis	leishmania	leishmania
KY698670.1	Leishmania braziliensis strain MHOM/PE/89/LH754 clone LH754_11 minicircle kinetoplast, complete sequence	756	source	Leishmania braziliensis	MHOM/PE/89/LH754	True	subtype_Leishmania braziliensis	leishmania	leishmania
KY698669.1	Leishmania braziliensis strain MHOM/PE/89/LH754 clone LH754_10 minicircle kinetoplast, complete sequence	749	source	Leishmania braziliensis	MHOM/PE/89/LH754	True	subtype_Leishmania braziliensis	leishmania	leishmania
KY698668.1	Leishmania braziliensis strain MHOM/PE/89/LH754 clone LH754_9 minicircle kinetoplast, complete sequence	739	source	Leishmania braziliensis	MHOM/PE/89/LH754	True	subtype_Leishmania braziliensis	leishmania	leishmania
KY698667.1	Leishmania braziliensis strain MHOM/PE/89/LH754 clone LH754_8 minicircle kinetoplast, complete sequence	750	source	Leishmania braziliensis	MHOM/PE/89/LH754	True	subtype_Leishmania braziliensis	leishmania	leishmania
KY698666.1	Leishmania braziliensis strain MHOM/PE/89/LH754 clone LH754_7 minicircle kinetoplast, complete sequence	750	source	Leishmania braziliensis	MHOM/PE/89/LH754	True	subtype_Leishmania braziliensis	leishmania	leishmania
KY698665.1	Leishmania braziliensis strain MHOM/PE/89/LH754 clone LH754_6 minicircle kinetoplast, complete sequence	740	source	Leishmania braziliensis	MHOM/PE/89/LH754	True	subtype_Leishmania braziliensis	leishmania	leishmania
KY698664.1	Leishmania braziliensis strain MHOM/PE/89/LH754 clone LH754_5 minicircle kinetoplast, complete sequence	748	source	Leishmania braziliensis	MHOM/PE/89/LH754	True	subtype_Leishmania braziliensis	leishmania	leishmania
KY698663.1	Leishmania braziliensis strain MHOM/PE/89/LH754 clone LH754_4 minicircle kinetoplast, complete sequence	739	source	Leishmania braziliensis	MHOM/PE/89/LH754	True	subtype_Leishmania braziliensis	leishmania	leishmania
KY698662.1	Leishmania braziliensis strain MHOM/PE/89/LH754 clone LH754_3 minicircle kinetoplast, complete sequence	740	source	Leishmania braziliensis	MHOM/PE/89/LH754	True	subtype_Leishmania braziliensis	leishmania	leishmania
KY698661.1	Leishmania braziliensis strain MHOM/PE/89/LH754 clone LH754_2 minicircle kinetoplast, complete sequence	739	source	Leishmania braziliensis	MHOM/PE/89/LH754	True	subtype_Leishmania braziliensis	leishmania	leishmania
KY698660.1	Leishmania braziliensis strain MHOM/PE/89/LH754 clone LH754_1 minicircle kinetoplast, complete sequence	750	source	Leishmania braziliensis	MHOM/PE/89/LH754	True	subtype_Leishmania braziliensis	leishmania	leishmania
KY698659.1	Leishmania braziliensis strain MHOM/PE/00/LH699 clone LH699_129 minicircle kinetoplast, complete sequence	760	source	Leishmania braziliensis	MHOM/PE/00/LH699	True	subtype_Leishmania braziliensis	leishmania	leishmania
KY698658.1	Leishmania braziliensis strain MHOM/PE/00/LH699 clone LH699_128 minicircle kinetoplast, complete sequence	741	source	Leishmania braziliensis	MHOM/PE/00/LH699	True	subtype_Leishmania braziliensis	leishmania	leishmania
KY698657.1	Leishmania braziliensis strain MHOM/PE/00/LH699 clone LH699_127 minicircle kinetoplast, complete sequence	751	source	Leishmania braziliensis	MHOM/PE/00/LH699	True	subtype_Leishmania braziliensis	leishmania	leishmania
KY698656.1	Leishmania braziliensis strain MHOM/PE/00/LH699 clone LH699_126 minicircle kinetoplast, complete sequence	750	source	Leishmania braziliensis	MHOM/PE/00/LH699	True	subtype_Leishmania braziliensis	leishmania	leishmania
KY698655.1	Leishmania braziliensis strain MHOM/PE/00/LH699 clone LH699_125 minicircle kinetoplast, complete sequence	749	source	Leishmania braziliensis	MHOM/PE/00/LH699	True	subtype_Leishmania braziliensis	leishmania	leishmania
KY698654.1	Leishmania braziliensis strain MHOM/PE/00/LH699 clone LH699_124 minicircle kinetoplast, complete sequence	740	source	Leishmania braziliensis	MHOM/PE/00/LH699	True	subtype_Leishmania braziliensis	leishmania	leishmania
KY698653.1	Leishmania braziliensis strain MHOM/PE/00/LH699 clone LH699_123 minicircle kinetoplast, complete sequence	740	source	Leishmania braziliensis	MHOM/PE/00/LH699	True	subtype_Leishmania braziliensis	leishmania	leishmania
KY698652.1	Leishmania braziliensis strain MHOM/PE/00/LH699 clone LH699_122 minicircle kinetoplast, complete sequence	741	source	Leishmania braziliensis	MHOM/PE/00/LH699	True	subtype_Leishmania braziliensis	leishmania	leishmania
KY698651.1	Leishmania braziliensis strain MHOM/PE/00/LH699 clone LH699_121 minicircle kinetoplast, complete sequence	740	source	Leishmania braziliensis	MHOM/PE/00/LH699	True	subtype_Leishmania braziliensis	leishmania	leishmania
KY698650.1	Leishmania braziliensis strain MHOM/PE/00/LH699 clone LH699_120 minicircle kinetoplast, complete sequence	742	source	Leishmania braziliensis	MHOM/PE/00/LH699	True	subtype_Leishmania braziliensis	leishmania	leishmania
KY698649.1	Leishmania braziliensis strain MHOM/PE/00/LH699 clone LH699_119 minicircle kinetoplast, complete sequence	749	source	Leishmania braziliensis	MHOM/PE/00/LH699	True	subtype_Leishmania braziliensis	leishmania	leishmania
KY698648.1	Leishmania braziliensis strain MHOM/PE/00/LH699 clone LH699_118 minicircle kinetoplast, complete sequence	753	source	Leishmania braziliensis	MHOM/PE/00/LH699	True	subtype_Leishmania braziliensis	leishmania	leishmania
KY698647.1	Leishmania braziliensis strain MHOM/PE/00/LH699 clone LH699_117 minicircle kinetoplast, complete sequence	756	source	Leishmania braziliensis	MHOM/PE/00/LH699	True	subtype_Leishmania braziliensis	leishmania	leishmania
KY698646.1	Leishmania braziliensis strain MHOM/PE/00/LH699 clone LH699_116 minicircle kinetoplast, complete sequence	750	source	Leishmania braziliensis	MHOM/PE/00/LH699	True	subtype_Leishmania braziliensis	leishmania	leishmania
KY698645.1	Leishmania braziliensis strain MHOM/PE/00/LH699 clone LH699_115 minicircle kinetoplast, complete sequence	754	source	Leishmania braziliensis	MHOM/PE/00/LH699	True	subtype_Leishmania braziliensis	leishmania	leishmania
KY698644.1	Leishmania braziliensis strain MHOM/PE/00/LH699 clone LH699_114 minicircle kinetoplast, complete sequence	751	source	Leishmania braziliensis	MHOM/PE/00/LH699	True	subtype_Leishmania braziliensis	leishmania	leishmania
KY698643.1	Leishmania braziliensis strain MHOM/PE/00/LH699 clone LH699_113 minicircle kinetoplast, complete sequence	747	source	Leishmania braziliensis	MHOM/PE/00/LH699	True	subtype_Leishmania braziliensis	leishmania	leishmania
KY698642.1	Leishmania braziliensis strain MHOM/PE/00/LH699 clone LH699_112 minicircle kinetoplast, complete sequence	734	source	Leishmania braziliensis	MHOM/PE/00/LH699	True	subtype_Leishmania braziliensis	leishmania	leishmania
KY698641.1	Leishmania braziliensis strain MHOM/PE/00/LH699 clone LH699_111 minicircle kinetoplast, complete sequence	750	source	Leishmania braziliensis	MHOM/PE/00/LH699	True	subtype_Leishmania braziliensis	leishmania	leishmania
KY698640.1	Leishmania braziliensis strain MHOM/PE/00/LH699 clone LH699_110 minicircle kinetoplast, complete sequence	739	source	Leishmania braziliensis	MHOM/PE/00/LH699	True	subtype_Leishmania braziliensis	leishmania	leishmania
KY698639.1	Leishmania braziliensis strain MHOM/PE/00/LH699 clone LH699_109 minicircle kinetoplast, complete sequence	738	source	Leishmania braziliensis	MHOM/PE/00/LH699	True	subtype_Leishmania braziliensis	leishmania	leishmania
KY698638.1	Leishmania braziliensis strain MHOM/PE/00/LH699 clone LH699_108 minicircle kinetoplast, complete sequence	739	source	Leishmania braziliensis	MHOM/PE/00/LH699	True	subtype_Leishmania braziliensis	leishmania	leishmania
KY698637.1	Leishmania braziliensis strain MHOM/PE/00/LH699 clone LH699_107 minicircle kinetoplast, complete sequence	749	source	Leishmania braziliensis	MHOM/PE/00/LH699	True	subtype_Leishmania braziliensis	leishmania	leishmania
KY698636.1	Leishmania braziliensis strain MHOM/PE/00/LH699 clone LH699_106 minicircle kinetoplast, complete sequence	761	source	Leishmania braziliensis	MHOM/PE/00/LH699	True	subtype_Leishmania braziliensis	leishmania	leishmania
KY698635.1	Leishmania braziliensis strain MHOM/PE/00/LH699 clone LH699_105 minicircle kinetoplast, complete sequence	742	source	Leishmania braziliensis	MHOM/PE/00/LH699	True	subtype_Leishmania braziliensis	leishmania	leishmania
KY698634.1	Leishmania braziliensis strain MHOM/PE/00/LH699 clone LH699_104 minicircle kinetoplast, complete sequence	739	source	Leishmania braziliensis	MHOM/PE/00/LH699	True	subtype_Leishmania braziliensis	leishmania	leishmania
KY698633.1	Leishmania braziliensis strain MHOM/PE/00/LH699 clone LH699_103 minicircle kinetoplast, complete sequence	740	source	Leishmania braziliensis	MHOM/PE/00/LH699	True	subtype_Leishmania braziliensis	leishmania	leishmania
KY698632.1	Leishmania braziliensis strain MHOM/PE/00/LH699 clone LH699_102 minicircle kinetoplast, complete sequence	750	source	Leishmania braziliensis	MHOM/PE/00/LH699	True	subtype_Leishmania braziliensis	leishmania	leishmania
KY698631.1	Leishmania braziliensis strain MHOM/PE/00/LH699 clone LH699_101 minicircle kinetoplast, complete sequence	750	source	Leishmania braziliensis	MHOM/PE/00/LH699	True	subtype_Leishmania braziliensis	leishmania	leishmania
KY698630.1	Leishmania braziliensis strain MHOM/PE/00/LH699 clone LH699_100 minicircle kinetoplast, complete sequence	748	source	Leishmania braziliensis	MHOM/PE/00/LH699	True	subtype_Leishmania braziliensis	leishmania	leishmania
KY698629.1	Leishmania braziliensis strain MHOM/PE/00/LH699 clone LH699_99 minicircle kinetoplast, complete sequence	750	source	Leishmania braziliensis	MHOM/PE/00/LH699	True	subtype_Leishmania braziliensis	leishmania	leishmania
KY698628.1	Leishmania braziliensis strain MHOM/PE/00/LH699 clone LH699_98 minicircle kinetoplast, complete sequence	750	source	Leishmania braziliensis	MHOM/PE/00/LH699	True	subtype_Leishmania braziliensis	leishmania	leishmania
KY698627.1	Leishmania braziliensis strain MHOM/PE/00/LH699 clone LH699_97 minicircle kinetoplast, complete sequence	750	source	Leishmania braziliensis	MHOM/PE/00/LH699	True	subtype_Leishmania braziliensis	leishmania	leishmania
KY698626.1	Leishmania braziliensis strain MHOM/PE/00/LH699 clone LH699_96 minicircle kinetoplast, complete sequence	750	source	Leishmania braziliensis	MHOM/PE/00/LH699	True	subtype_Leishmania braziliensis	leishmania	leishmania
KY698625.1	Leishmania braziliensis strain MHOM/PE/00/LH699 clone LH699_95 minicircle kinetoplast, complete sequence	749	source	Leishmania braziliensis	MHOM/PE/00/LH699	True	subtype_Leishmania braziliensis	leishmania	leishmania
KY698624.1	Leishmania braziliensis strain MHOM/PE/00/LH699 clone LH699_94 minicircle kinetoplast, complete sequence	742	source	Leishmania braziliensis	MHOM/PE/00/LH699	True	subtype_Leishmania braziliensis	leishmania	leishmania
KY698623.1	Leishmania braziliensis strain MHOM/PE/00/LH699 clone LH699_93 minicircle kinetoplast, complete sequence	749	source	Leishmania braziliensis	MHOM/PE/00/LH699	True	subtype_Leishmania braziliensis	leishmania	leishmania
KY698622.1	Leishmania braziliensis strain MHOM/PE/00/LH699 clone LH699_92 minicircle kinetoplast, complete sequence	750	source	Leishmania braziliensis	MHOM/PE/00/LH699	True	subtype_Leishmania braziliensis	leishmania	leishmania
KY698621.1	Leishmania braziliensis strain MHOM/PE/00/LH699 clone LH699_91 minicircle kinetoplast, complete sequence	751	source	Leishmania braziliensis	MHOM/PE/00/LH699	True	subtype_Leishmania braziliensis	leishmania	leishmania
KY698620.1	Leishmania braziliensis strain MHOM/PE/00/LH699 clone LH699_90 minicircle kinetoplast, complete sequence	751	source	Leishmania braziliensis	MHOM/PE/00/LH699	True	subtype_Leishmania braziliensis	leishmania	leishmania
KY698619.1	Leishmania braziliensis strain MHOM/PE/00/LH699 clone LH699_89 minicircle kinetoplast, complete sequence	751	source	Leishmania braziliensis	MHOM/PE/00/LH699	True	subtype_Leishmania braziliensis	leishmania	leishmania
KY698618.1	Leishmania braziliensis strain MHOM/PE/00/LH699 clone LH699_88 minicircle kinetoplast, complete sequence	739	source	Leishmania braziliensis	MHOM/PE/00/LH699	True	subtype_Leishmania braziliensis	leishmania	leishmania
KY698617.1	Leishmania braziliensis strain MHOM/PE/00/LH699 clone LH699_87 minicircle kinetoplast, complete sequence	742	source	Leishmania braziliensis	MHOM/PE/00/LH699	True	subtype_Leishmania braziliensis	leishmania	leishmania
KY698616.1	Leishmania braziliensis strain MHOM/PE/00/LH699 clone LH699_86 minicircle kinetoplast, complete sequence	750	source	Leishmania braziliensis	MHOM/PE/00/LH699	True	subtype_Leishmania braziliensis	leishmania	leishmania
KY698615.1	Leishmania braziliensis strain MHOM/PE/00/LH699 clone LH699_85 minicircle kinetoplast, complete sequence	709	source	Leishmania braziliensis	MHOM/PE/00/LH699	True	subtype_Leishmania braziliensis	leishmania	leishmania
KY698614.1	Leishmania braziliensis strain MHOM/PE/00/LH699 clone LH699_84 minicircle kinetoplast, complete sequence	741	source	Leishmania braziliensis	MHOM/PE/00/LH699	True	subtype_Leishmania braziliensis	leishmania	leishmania
KY698613.1	Leishmania braziliensis strain MHOM/PE/00/LH699 clone LH699_83 minicircle kinetoplast, complete sequence	750	source	Leishmania braziliensis	MHOM/PE/00/LH699	True	subtype_Leishmania braziliensis	leishmania	leishmania
KY698612.1	Leishmania braziliensis strain MHOM/PE/00/LH699 clone LH699_82 minicircle kinetoplast, complete sequence	747	source	Leishmania braziliensis	MHOM/PE/00/LH699	True	subtype_Leishmania braziliensis	leishmania	leishmania
KY698611.1	Leishmania braziliensis strain MHOM/PE/00/LH699 clone LH699_81 minicircle kinetoplast, complete sequence	740	source	Leishmania braziliensis	MHOM/PE/00/LH699	True	subtype_Leishmania braziliensis	leishmania	leishmania
KY698610.1	Leishmania braziliensis strain MHOM/PE/00/LH699 clone LH699_80 minicircle kinetoplast, complete sequence	742	source	Leishmania braziliensis	MHOM/PE/00/LH699	True	subtype_Leishmania braziliensis	leishmania	leishmania
KY698609.1	Leishmania braziliensis strain MHOM/PE/00/LH699 clone LH699_79 minicircle kinetoplast, complete sequence	747	source	Leishmania braziliensis	MHOM/PE/00/LH699	True	subtype_Leishmania braziliensis	leishmania	leishmania
KY698608.1	Leishmania braziliensis strain MHOM/PE/00/LH699 clone LH699_78 minicircle kinetoplast, complete sequence	750	source	Leishmania braziliensis	MHOM/PE/00/LH699	True	subtype_Leishmania braziliensis	leishmania	leishmania
KY698607.1	Leishmania braziliensis strain MHOM/PE/00/LH699 clone LH699_77 minicircle kinetoplast, complete sequence	750	source	Leishmania braziliensis	MHOM/PE/00/LH699	True	subtype_Leishmania braziliensis	leishmania	leishmania
KY698606.1	Leishmania braziliensis strain MHOM/PE/00/LH699 clone LH699_76 minicircle kinetoplast, complete sequence	748	source	Leishmania braziliensis	MHOM/PE/00/LH699	True	subtype_Leishmania braziliensis	leishmania	leishmania
KY698605.1	Leishmania braziliensis strain MHOM/PE/00/LH699 clone LH699_75 minicircle kinetoplast, complete sequence	746	source	Leishmania braziliensis	MHOM/PE/00/LH699	True	subtype_Leishmania braziliensis	leishmania	leishmania
KY698604.1	Leishmania braziliensis strain MHOM/PE/00/LH699 clone LH699_74 minicircle kinetoplast, complete sequence	739	source	Leishmania braziliensis	MHOM/PE/00/LH699	True	subtype_Leishmania braziliensis	leishmania	leishmania
KY698603.1	Leishmania braziliensis strain MHOM/PE/00/LH699 clone LH699_73 minicircle kinetoplast, complete sequence	750	source	Leishmania braziliensis	MHOM/PE/00/LH699	True	subtype_Leishmania braziliensis	leishmania	leishmania
KY698602.1	Leishmania braziliensis strain MHOM/PE/00/LH699 clone LH699_72 minicircle kinetoplast, complete sequence	742	source	Leishmania braziliensis	MHOM/PE/00/LH699	True	subtype_Leishmania braziliensis	leishmania	leishmania
KY698601.1	Leishmania braziliensis strain MHOM/PE/00/LH699 clone LH699_71 minicircle kinetoplast, complete sequence	742	source	Leishmania braziliensis	MHOM/PE/00/LH699	True	subtype_Leishmania braziliensis	leishmania	leishmania
KY698600.1	Leishmania braziliensis strain MHOM/PE/00/LH699 clone LH699_70 minicircle kinetoplast, complete sequence	741	source	Leishmania braziliensis	MHOM/PE/00/LH699	True	subtype_Leishmania braziliensis	leishmania	leishmania
KY698599.1	Leishmania braziliensis strain MHOM/PE/00/LH699 clone LH699_69 minicircle kinetoplast, complete sequence	737	source	Leishmania braziliensis	MHOM/PE/00/LH699	True	subtype_Leishmania braziliensis	leishmania	leishmania
KY698598.1	Leishmania braziliensis strain MHOM/PE/00/LH699 clone LH699_68 minicircle kinetoplast, complete sequence	740	source	Leishmania braziliensis	MHOM/PE/00/LH699	True	subtype_Leishmania braziliensis	leishmania	leishmania
KY698597.1	Leishmania braziliensis strain MHOM/PE/00/LH699 clone LH699_67 minicircle kinetoplast, complete sequence	741	source	Leishmania braziliensis	MHOM/PE/00/LH699	True	subtype_Leishmania braziliensis	leishmania	leishmania
KY698596.1	Leishmania braziliensis strain MHOM/PE/00/LH699 clone LH699_66 minicircle kinetoplast, complete sequence	739	source	Leishmania braziliensis	MHOM/PE/00/LH699	True	subtype_Leishmania braziliensis	leishmania	leishmania
KY698595.1	Leishmania braziliensis strain MHOM/PE/00/LH699 clone LH699_65 minicircle kinetoplast, complete sequence	749	source	Leishmania braziliensis	MHOM/PE/00/LH699	True	subtype_Leishmania braziliensis	leishmania	leishmania
KY698594.1	Leishmania braziliensis strain MHOM/PE/00/LH699 clone LH699_64 minicircle kinetoplast, complete sequence	752	source	Leishmania braziliensis	MHOM/PE/00/LH699	True	subtype_Leishmania braziliensis	leishmania	leishmania
KY698593.1	Leishmania braziliensis strain MHOM/PE/00/LH699 clone LH699_63 minicircle kinetoplast, complete sequence	752	source	Leishmania braziliensis	MHOM/PE/00/LH699	True	subtype_Leishmania braziliensis	leishmania	leishmania
KY698592.1	Leishmania braziliensis strain MHOM/PE/00/LH699 clone LH699_62 minicircle kinetoplast, complete sequence	743	source	Leishmania braziliensis	MHOM/PE/00/LH699	True	subtype_Leishmania braziliensis	leishmania	leishmania
KY698591.1	Leishmania braziliensis strain MHOM/PE/00/LH699 clone LH699_61 minicircle kinetoplast, complete sequence	751	source	Leishmania braziliensis	MHOM/PE/00/LH699	True	subtype_Leishmania braziliensis	leishmania	leishmania
KY698590.1	Leishmania braziliensis strain MHOM/PE/00/LH699 clone LH699_60 minicircle kinetoplast, complete sequence	739	source	Leishmania braziliensis	MHOM/PE/00/LH699	True	subtype_Leishmania braziliensis	leishmania	leishmania
KY698589.1	Leishmania braziliensis strain MHOM/PE/00/LH699 clone LH699_59 minicircle kinetoplast, complete sequence	751	source	Leishmania braziliensis	MHOM/PE/00/LH699	True	subtype_Leishmania braziliensis	leishmania	leishmania
KY698588.1	Leishmania braziliensis strain MHOM/PE/00/LH699 clone LH699_58 minicircle kinetoplast, complete sequence	751	source	Leishmania braziliensis	MHOM/PE/00/LH699	True	subtype_Leishmania braziliensis	leishmania	leishmania
KY698587.1	Leishmania braziliensis strain MHOM/PE/00/LH699 clone LH699_57 minicircle kinetoplast, complete sequence	738	source	Leishmania braziliensis	MHOM/PE/00/LH699	True	subtype_Leishmania braziliensis	leishmania	leishmania
KY698586.1	Leishmania braziliensis strain MHOM/PE/00/LH699 clone LH699_56 minicircle kinetoplast, complete sequence	762	source	Leishmania braziliensis	MHOM/PE/00/LH699	True	subtype_Leishmania braziliensis	leishmania	leishmania
KY698585.1	Leishmania braziliensis strain MHOM/PE/00/LH699 clone LH699_55 minicircle kinetoplast, complete sequence	751	source	Leishmania braziliensis	MHOM/PE/00/LH699	True	subtype_Leishmania braziliensis	leishmania	leishmania
KY698584.1	Leishmania braziliensis strain MHOM/PE/00/LH699 clone LH699_54 minicircle kinetoplast, complete sequence	739	source	Leishmania braziliensis	MHOM/PE/00/LH699	True	subtype_Leishmania braziliensis	leishmania	leishmania
KY698583.1	Leishmania braziliensis strain MHOM/PE/00/LH699 clone LH699_53 minicircle kinetoplast, complete sequence	742	source	Leishmania braziliensis	MHOM/PE/00/LH699	True	subtype_Leishmania braziliensis	leishmania	leishmania
KY698582.1	Leishmania braziliensis strain MHOM/PE/00/LH699 clone LH699_52 minicircle kinetoplast, complete sequence	750	source	Leishmania braziliensis	MHOM/PE/00/LH699	True	subtype_Leishmania braziliensis	leishmania	leishmania
KY698581.1	Leishmania braziliensis strain MHOM/PE/00/LH699 clone LH699_51 minicircle kinetoplast, complete sequence	738	source	Leishmania braziliensis	MHOM/PE/00/LH699	True	subtype_Leishmania braziliensis	leishmania	leishmania
KY698580.1	Leishmania braziliensis strain MHOM/PE/00/LH699 clone LH699_50 minicircle kinetoplast, complete sequence	750	source	Leishmania braziliensis	MHOM/PE/00/LH699	True	subtype_Leishmania braziliensis	leishmania	leishmania
KY698579.1	Leishmania braziliensis strain MHOM/PE/00/LH699 clone LH699_49 minicircle kinetoplast, complete sequence	720	source	Leishmania braziliensis	MHOM/PE/00/LH699	True	subtype_Leishmania braziliensis	leishmania	leishmania
KY698578.1	Leishmania braziliensis strain MHOM/PE/00/LH699 clone LH699_48 minicircle kinetoplast, complete sequence	750	source	Leishmania braziliensis	MHOM/PE/00/LH699	True	subtype_Leishmania braziliensis	leishmania	leishmania
KY698577.1	Leishmania braziliensis strain MHOM/PE/00/LH699 clone LH699_47 minicircle kinetoplast, complete sequence	741	source	Leishmania braziliensis	MHOM/PE/00/LH699	True	subtype_Leishmania braziliensis	leishmania	leishmania
KY698576.1	Leishmania braziliensis strain MHOM/PE/00/LH699 clone LH699_46 minicircle kinetoplast, complete sequence	751	source	Leishmania braziliensis	MHOM/PE/00/LH699	True	subtype_Leishmania braziliensis	leishmania	leishmania
KY698575.1	Leishmania braziliensis strain MHOM/PE/00/LH699 clone LH699_45 minicircle kinetoplast, complete sequence	741	source	Leishmania braziliensis	MHOM/PE/00/LH699	True	subtype_Leishmania braziliensis	leishmania	leishmania
KY698574.1	Leishmania braziliensis strain MHOM/PE/00/LH699 clone LH699_44 minicircle kinetoplast, complete sequence	749	source	Leishmania braziliensis	MHOM/PE/00/LH699	True	subtype_Leishmania braziliensis	leishmania	leishmania
KY698573.1	Leishmania braziliensis strain MHOM/PE/00/LH699 clone LH699_43 minicircle kinetoplast, complete sequence	741	source	Leishmania braziliensis	MHOM/PE/00/LH699	True	subtype_Leishmania braziliensis	leishmania	leishmania
KY698572.1	Leishmania braziliensis strain MHOM/PE/00/LH699 clone LH699_42 minicircle kinetoplast, complete sequence	750	source	Leishmania braziliensis	MHOM/PE/00/LH699	True	subtype_Leishmania braziliensis	leishmania	leishmania
KY698571.1	Leishmania braziliensis strain MHOM/PE/00/LH699 clone LH699_41 minicircle kinetoplast, complete sequence	740	source	Leishmania braziliensis	MHOM/PE/00/LH699	True	subtype_Leishmania braziliensis	leishmania	leishmania
KY698570.1	Leishmania braziliensis strain MHOM/PE/00/LH699 clone LH699_40 minicircle kinetoplast, complete sequence	741	source	Leishmania braziliensis	MHOM/PE/00/LH699	True	subtype_Leishmania braziliensis	leishmania	leishmania
KY698569.1	Leishmania braziliensis strain MHOM/PE/00/LH699 clone LH699_39 minicircle kinetoplast, complete sequence	741	source	Leishmania braziliensis	MHOM/PE/00/LH699	True	subtype_Leishmania braziliensis	leishmania	leishmania
KY698568.1	Leishmania braziliensis strain MHOM/PE/00/LH699 clone LH699_38 minicircle kinetoplast, complete sequence	758	source	Leishmania braziliensis	MHOM/PE/00/LH699	True	subtype_Leishmania braziliensis	leishmania	leishmania
KY698567.1	Leishmania braziliensis strain MHOM/PE/00/LH699 clone LH699_37 minicircle kinetoplast, complete sequence	740	source	Leishmania braziliensis	MHOM/PE/00/LH699	True	subtype_Leishmania braziliensis	leishmania	leishmania
KY698566.1	Leishmania braziliensis strain MHOM/PE/00/LH699 clone LH699_36 minicircle kinetoplast, complete sequence	741	source	Leishmania braziliensis	MHOM/PE/00/LH699	True	subtype_Leishmania braziliensis	leishmania	leishmania
KY698565.1	Leishmania braziliensis strain MHOM/PE/00/LH699 clone LH699_35 minicircle kinetoplast, complete sequence	739	source	Leishmania braziliensis	MHOM/PE/00/LH699	True	subtype_Leishmania braziliensis	leishmania	leishmania
KY698564.1	Leishmania braziliensis strain MHOM/PE/00/LH699 clone LH699_34 minicircle kinetoplast, complete sequence	734	source	Leishmania braziliensis	MHOM/PE/00/LH699	True	subtype_Leishmania braziliensis	leishmania	leishmania
KY698563.1	Leishmania braziliensis strain MHOM/PE/00/LH699 clone LH699_33 minicircle kinetoplast, complete sequence	752	source	Leishmania braziliensis	MHOM/PE/00/LH699	True	subtype_Leishmania braziliensis	leishmania	leishmania
KY698562.1	Leishmania braziliensis strain MHOM/PE/00/LH699 clone LH699_32 minicircle kinetoplast, complete sequence	740	source	Leishmania braziliensis	MHOM/PE/00/LH699	True	subtype_Leishmania braziliensis	leishmania	leishmania
KY698561.1	Leishmania braziliensis strain MHOM/PE/00/LH699 clone LH699_31 minicircle kinetoplast, complete sequence	740	source	Leishmania braziliensis	MHOM/PE/00/LH699	True	subtype_Leishmania braziliensis	leishmania	leishmania
KY698560.1	Leishmania braziliensis strain MHOM/PE/00/LH699 clone LH699_30 minicircle kinetoplast, complete sequence	740	source	Leishmania braziliensis	MHOM/PE/00/LH699	True	subtype_Leishmania braziliensis	leishmania	leishmania
KY698559.1	Leishmania braziliensis strain MHOM/PE/00/LH699 clone LH699_29 minicircle kinetoplast, complete sequence	750	source	Leishmania braziliensis	MHOM/PE/00/LH699	True	subtype_Leishmania braziliensis	leishmania	leishmania
KY698558.1	Leishmania braziliensis strain MHOM/PE/00/LH699 clone LH699_28 minicircle kinetoplast, complete sequence	740	source	Leishmania braziliensis	MHOM/PE/00/LH699	True	subtype_Leishmania braziliensis	leishmania	leishmania
KY698557.1	Leishmania braziliensis strain MHOM/PE/00/LH699 clone LH699_27 minicircle kinetoplast, complete sequence	742	source	Leishmania braziliensis	MHOM/PE/00/LH699	True	subtype_Leishmania braziliensis	leishmania	leishmania
KY698556.1	Leishmania braziliensis strain MHOM/PE/00/LH699 clone LH699_26 minicircle kinetoplast, complete sequence	743	source	Leishmania braziliensis	MHOM/PE/00/LH699	True	subtype_Leishmania braziliensis	leishmania	leishmania
KY698555.1	Leishmania braziliensis strain MHOM/PE/00/LH699 clone LH699_25 minicircle kinetoplast, complete sequence	759	source	Leishmania braziliensis	MHOM/PE/00/LH699	True	subtype_Leishmania braziliensis	leishmania	leishmania
KY698554.1	Leishmania braziliensis strain MHOM/PE/00/LH699 clone LH699_24 minicircle kinetoplast, complete sequence	738	source	Leishmania braziliensis	MHOM/PE/00/LH699	True	subtype_Leishmania braziliensis	leishmania	leishmania
KY698553.1	Leishmania braziliensis strain MHOM/PE/00/LH699 clone LH699_23 minicircle kinetoplast, complete sequence	740	source	Leishmania braziliensis	MHOM/PE/00/LH699	True	subtype_Leishmania braziliensis	leishmania	leishmania
KY698552.1	Leishmania braziliensis strain MHOM/PE/00/LH699 clone LH699_22 minicircle kinetoplast, complete sequence	749	source	Leishmania braziliensis	MHOM/PE/00/LH699	True	subtype_Leishmania braziliensis	leishmania	leishmania
KY698551.1	Leishmania braziliensis strain MHOM/PE/00/LH699 clone LH699_21 minicircle kinetoplast, complete sequence	739	source	Leishmania braziliensis	MHOM/PE/00/LH699	True	subtype_Leishmania braziliensis	leishmania	leishmania
KY698550.1	Leishmania braziliensis strain MHOM/PE/00/LH699 clone LH699_20 minicircle kinetoplast, complete sequence	750	source	Leishmania braziliensis	MHOM/PE/00/LH699	True	subtype_Leishmania braziliensis	leishmania	leishmania
KY698549.1	Leishmania braziliensis strain MHOM/PE/00/LH699 clone LH699_19 minicircle kinetoplast, complete sequence	742	source	Leishmania braziliensis	MHOM/PE/00/LH699	True	subtype_Leishmania braziliensis	leishmania	leishmania
KY698548.1	Leishmania braziliensis strain MHOM/PE/00/LH699 clone LH699_18 minicircle kinetoplast, complete sequence	740	source	Leishmania braziliensis	MHOM/PE/00/LH699	True	subtype_Leishmania braziliensis	leishmania	leishmania
KY698547.1	Leishmania braziliensis strain MHOM/PE/00/LH699 clone LH699_17 minicircle kinetoplast, complete sequence	750	source	Leishmania braziliensis	MHOM/PE/00/LH699	True	subtype_Leishmania braziliensis	leishmania	leishmania
KY698546.1	Leishmania braziliensis strain MHOM/PE/00/LH699 clone LH699_16 minicircle kinetoplast, complete sequence	749	source	Leishmania braziliensis	MHOM/PE/00/LH699	True	subtype_Leishmania braziliensis	leishmania	leishmania
KY698545.1	Leishmania braziliensis strain MHOM/PE/00/LH699 clone LH699_15 minicircle kinetoplast, complete sequence	751	source	Leishmania braziliensis	MHOM/PE/00/LH699	True	subtype_Leishmania braziliensis	leishmania	leishmania
KY698544.1	Leishmania braziliensis strain MHOM/PE/00/LH699 clone LH699_14 minicircle kinetoplast, complete sequence	749	source	Leishmania braziliensis	MHOM/PE/00/LH699	True	subtype_Leishmania braziliensis	leishmania	leishmania
KY698543.1	Leishmania braziliensis strain MHOM/PE/00/LH699 clone LH699_13 minicircle kinetoplast, complete sequence	752	source	Leishmania braziliensis	MHOM/PE/00/LH699	True	subtype_Leishmania braziliensis	leishmania	leishmania
KY698542.1	Leishmania braziliensis strain MHOM/PE/00/LH699 clone LH699_12 minicircle kinetoplast, complete sequence	749	source	Leishmania braziliensis	MHOM/PE/00/LH699	True	subtype_Leishmania braziliensis	leishmania	leishmania
KY698541.1	Leishmania braziliensis strain MHOM/PE/00/LH699 clone LH699_11 minicircle kinetoplast, complete sequence	742	source	Leishmania braziliensis	MHOM/PE/00/LH699	True	subtype_Leishmania braziliensis	leishmania	leishmania
KY698540.1	Leishmania braziliensis strain MHOM/PE/00/LH699 clone LH699_10 minicircle kinetoplast, complete sequence	719	source	Leishmania braziliensis	MHOM/PE/00/LH699	True	subtype_Leishmania braziliensis	leishmania	leishmania
KY698539.1	Leishmania braziliensis strain MHOM/PE/00/LH699 clone LH699_9 minicircle kinetoplast, complete sequence	742	source	Leishmania braziliensis	MHOM/PE/00/LH699	True	subtype_Leishmania braziliensis	leishmania	leishmania
KY698538.1	Leishmania braziliensis strain MHOM/PE/00/LH699 clone LH699_8 minicircle kinetoplast, complete sequence	739	source	Leishmania braziliensis	MHOM/PE/00/LH699	True	subtype_Leishmania braziliensis	leishmania	leishmania
KY698537.1	Leishmania braziliensis strain MHOM/PE/00/LH699 clone LH699_7 minicircle kinetoplast, complete sequence	761	source	Leishmania braziliensis	MHOM/PE/00/LH699	True	subtype_Leishmania braziliensis	leishmania	leishmania
KY698536.1	Leishmania braziliensis strain MHOM/PE/00/LH699 clone LH699_6 minicircle kinetoplast, complete sequence	740	source	Leishmania braziliensis	MHOM/PE/00/LH699	True	subtype_Leishmania braziliensis	leishmania	leishmania
KY698535.1	Leishmania braziliensis strain MHOM/PE/00/LH699 clone LH699_5 minicircle kinetoplast, complete sequence	740	source	Leishmania braziliensis	MHOM/PE/00/LH699	True	subtype_Leishmania braziliensis	leishmania	leishmania
KY698534.1	Leishmania braziliensis strain MHOM/PE/00/LH699 clone LH699_4 minicircle kinetoplast, complete sequence	738	source	Leishmania braziliensis	MHOM/PE/00/LH699	True	subtype_Leishmania braziliensis	leishmania	leishmania
KY698533.1	Leishmania braziliensis strain MHOM/PE/00/LH699 clone LH699_3 minicircle kinetoplast, complete sequence	741	source	Leishmania braziliensis	MHOM/PE/00/LH699	True	subtype_Leishmania braziliensis	leishmania	leishmania
KY698532.1	Leishmania braziliensis strain MHOM/PE/00/LH699 clone LH699_2 minicircle kinetoplast, complete sequence	760	source	Leishmania braziliensis	MHOM/PE/00/LH699	True	subtype_Leishmania braziliensis	leishmania	leishmania
KY698531.1	Leishmania braziliensis strain MHOM/PE/00/LH699 clone LH699_1 minicircle kinetoplast, complete sequence	740	source	Leishmania braziliensis	MHOM/PE/00/LH699	True	subtype_Leishmania braziliensis	leishmania	leishmania
KY698530.1	Leishmania braziliensis strain MHOM/PE/91/LC1412 clone LC1412_90 minicircle kinetoplast, complete sequence	743	source	Leishmania braziliensis	MHOM/PE/91/LC1412	True	subtype_Leishmania braziliensis	leishmania	leishmania
KY698529.1	Leishmania braziliensis strain MHOM/PE/91/LC1412 clone LC1412_89 minicircle kinetoplast, complete sequence	741	source	Leishmania braziliensis	MHOM/PE/91/LC1412	True	subtype_Leishmania braziliensis	leishmania	leishmania
KY698528.1	Leishmania braziliensis strain MHOM/PE/91/LC1412 clone LC1412_88 minicircle kinetoplast, complete sequence	760	source	Leishmania braziliensis	MHOM/PE/91/LC1412	True	subtype_Leishmania braziliensis	leishmania	leishmania
KY698527.1	Leishmania braziliensis strain MHOM/PE/91/LC1412 clone LC1412_87 minicircle kinetoplast, complete sequence	741	source	Leishmania braziliensis	MHOM/PE/91/LC1412	True	subtype_Leishmania braziliensis	leishmania	leishmania
KY698526.1	Leishmania braziliensis strain MHOM/PE/91/LC1412 clone LC1412_86 minicircle kinetoplast, complete sequence	748	source	Leishmania braziliensis	MHOM/PE/91/LC1412	True	subtype_Leishmania braziliensis	leishmania	leishmania
KY698525.1	Leishmania braziliensis strain MHOM/PE/91/LC1412 clone LC1412_85 minicircle kinetoplast, complete sequence	709	source	Leishmania braziliensis	MHOM/PE/91/LC1412	True	subtype_Leishmania braziliensis	leishmania	leishmania
KY698524.1	Leishmania braziliensis strain MHOM/PE/91/LC1412 clone LC1412_84 minicircle kinetoplast, complete sequence	740	source	Leishmania braziliensis	MHOM/PE/91/LC1412	True	subtype_Leishmania braziliensis	leishmania	leishmania
KY698523.1	Leishmania braziliensis strain MHOM/PE/91/LC1412 clone LC1412_83 minicircle kinetoplast, complete sequence	748	source	Leishmania braziliensis	MHOM/PE/91/LC1412	True	subtype_Leishmania braziliensis	leishmania	leishmania
KY698522.1	Leishmania braziliensis strain MHOM/PE/91/LC1412 clone LC1412_82 minicircle kinetoplast, complete sequence	751	source	Leishmania braziliensis	MHOM/PE/91/LC1412	True	subtype_Leishmania braziliensis	leishmania	leishmania
KY698521.1	Leishmania braziliensis strain MHOM/PE/91/LC1412 clone LC1412_81 minicircle kinetoplast, complete sequence	741	source	Leishmania braziliensis	MHOM/PE/91/LC1412	True	subtype_Leishmania braziliensis	leishmania	leishmania
KY698520.1	Leishmania braziliensis strain MHOM/PE/91/LC1412 clone LC1412_80 minicircle kinetoplast, complete sequence	741	source	Leishmania braziliensis	MHOM/PE/91/LC1412	True	subtype_Leishmania braziliensis	leishmania	leishmania
KY698519.1	Leishmania braziliensis strain MHOM/PE/91/LC1412 clone LC1412_79 minicircle kinetoplast, complete sequence	751	source	Leishmania braziliensis	MHOM/PE/91/LC1412	True	subtype_Leishmania braziliensis	leishmania	leishmania
KY698518.1	Leishmania braziliensis strain MHOM/PE/91/LC1412 clone LC1412_78 minicircle kinetoplast, complete sequence	751	source	Leishmania braziliensis	MHOM/PE/91/LC1412	True	subtype_Leishmania braziliensis	leishmania	leishmania
KY698517.1	Leishmania braziliensis strain MHOM/PE/91/LC1412 clone LC1412_77 minicircle kinetoplast, complete sequence	741	source	Leishmania braziliensis	MHOM/PE/91/LC1412	True	subtype_Leishmania braziliensis	leishmania	leishmania
KY698516.1	Leishmania braziliensis strain MHOM/PE/91/LC1412 clone LC1412_76 minicircle kinetoplast, complete sequence	741	source	Leishmania braziliensis	MHOM/PE/91/LC1412	True	subtype_Leishmania braziliensis	leishmania	leishmania
KY698515.1	Leishmania braziliensis strain MHOM/PE/91/LC1412 clone LC1412_75 minicircle kinetoplast, complete sequence	740	source	Leishmania braziliensis	MHOM/PE/91/LC1412	True	subtype_Leishmania braziliensis	leishmania	leishmania
KY698514.1	Leishmania braziliensis strain MHOM/PE/91/LC1412 clone LC1412_74 minicircle kinetoplast, complete sequence	750	source	Leishmania braziliensis	MHOM/PE/91/LC1412	True	subtype_Leishmania braziliensis	leishmania	leishmania
KY698513.1	Leishmania braziliensis strain MHOM/PE/91/LC1412 clone LC1412_73 minicircle kinetoplast, complete sequence	748	source	Leishmania braziliensis	MHOM/PE/91/LC1412	True	subtype_Leishmania braziliensis	leishmania	leishmania
KY698512.1	Leishmania braziliensis strain MHOM/PE/91/LC1412 clone LC1412_72 minicircle kinetoplast, complete sequence	750	source	Leishmania braziliensis	MHOM/PE/91/LC1412	True	subtype_Leishmania braziliensis	leishmania	leishmania
KY698511.1	Leishmania braziliensis strain MHOM/PE/91/LC1412 clone LC1412_71 minicircle kinetoplast, complete sequence	740	source	Leishmania braziliensis	MHOM/PE/91/LC1412	True	subtype_Leishmania braziliensis	leishmania	leishmania
KY698510.1	Leishmania braziliensis strain MHOM/PE/91/LC1412 clone LC1412_70 minicircle kinetoplast, complete sequence	741	source	Leishmania braziliensis	MHOM/PE/91/LC1412	True	subtype_Leishmania braziliensis	leishmania	leishmania
KY698509.1	Leishmania braziliensis strain MHOM/PE/91/LC1412 clone LC1412_69 minicircle kinetoplast, complete sequence	739	source	Leishmania braziliensis	MHOM/PE/91/LC1412	True	subtype_Leishmania braziliensis	leishmania	leishmania
KY698508.1	Leishmania braziliensis strain MHOM/PE/91/LC1412 clone LC1412_68 minicircle kinetoplast, complete sequence	749	source	Leishmania braziliensis	MHOM/PE/91/LC1412	True	subtype_Leishmania braziliensis	leishmania	leishmania
KY698507.1	Leishmania braziliensis strain MHOM/PE/91/LC1412 clone LC1412_67 minicircle kinetoplast, complete sequence	739	source	Leishmania braziliensis	MHOM/PE/91/LC1412	True	subtype_Leishmania braziliensis	leishmania	leishmania
KY698506.1	Leishmania braziliensis strain MHOM/PE/91/LC1412 clone LC1412_66 minicircle kinetoplast, complete sequence	752	source	Leishmania braziliensis	MHOM/PE/91/LC1412	True	subtype_Leishmania braziliensis	leishmania	leishmania
KY698505.1	Leishmania braziliensis strain MHOM/PE/91/LC1412 clone LC1412_65 minicircle kinetoplast, complete sequence	748	source	Leishmania braziliensis	MHOM/PE/91/LC1412	True	subtype_Leishmania braziliensis	leishmania	leishmania
KY698504.1	Leishmania braziliensis strain MHOM/PE/91/LC1412 clone LC1412_64 minicircle kinetoplast, complete sequence	750	source	Leishmania braziliensis	MHOM/PE/91/LC1412	True	subtype_Leishmania braziliensis	leishmania	leishmania
KY698503.1	Leishmania braziliensis strain MHOM/PE/91/LC1412 clone LC1412_63 minicircle kinetoplast, complete sequence	741	source	Leishmania braziliensis	MHOM/PE/91/LC1412	True	subtype_Leishmania braziliensis	leishmania	leishmania
KY698502.1	Leishmania braziliensis strain MHOM/PE/91/LC1412 clone LC1412_62 minicircle kinetoplast, complete sequence	739	source	Leishmania braziliensis	MHOM/PE/91/LC1412	True	subtype_Leishmania braziliensis	leishmania	leishmania
KY698501.1	Leishmania braziliensis strain MHOM/PE/91/LC1412 clone LC1412_61 minicircle kinetoplast, complete sequence	738	source	Leishmania braziliensis	MHOM/PE/91/LC1412	True	subtype_Leishmania braziliensis	leishmania	leishmania
KY698500.1	Leishmania braziliensis strain MHOM/PE/91/LC1412 clone LC1412_60 minicircle kinetoplast, complete sequence	750	source	Leishmania braziliensis	MHOM/PE/91/LC1412	True	subtype_Leishmania braziliensis	leishmania	leishmania
KY698499.1	Leishmania braziliensis strain MHOM/PE/91/LC1412 clone LC1412_59 minicircle kinetoplast, complete sequence	751	source	Leishmania braziliensis	MHOM/PE/91/LC1412	True	subtype_Leishmania braziliensis	leishmania	leishmania
KY698498.1	Leishmania braziliensis strain MHOM/PE/91/LC1412 clone LC1412_58 minicircle kinetoplast, complete sequence	734	source	Leishmania braziliensis	MHOM/PE/91/LC1412	True	subtype_Leishmania braziliensis	leishmania	leishmania
KY698497.1	Leishmania braziliensis strain MHOM/PE/91/LC1412 clone LC1412_57 minicircle kinetoplast, complete sequence	737	source	Leishmania braziliensis	MHOM/PE/91/LC1412	True	subtype_Leishmania braziliensis	leishmania	leishmania
KY698496.1	Leishmania braziliensis strain MHOM/PE/91/LC1412 clone LC1412_56 minicircle kinetoplast, complete sequence	720	source	Leishmania braziliensis	MHOM/PE/91/LC1412	True	subtype_Leishmania braziliensis	leishmania	leishmania
KY698495.1	Leishmania braziliensis strain MHOM/PE/91/LC1412 clone LC1412_55 minicircle kinetoplast, complete sequence	749	source	Leishmania braziliensis	MHOM/PE/91/LC1412	True	subtype_Leishmania braziliensis	leishmania	leishmania
KY698494.1	Leishmania braziliensis strain MHOM/PE/91/LC1412 clone LC1412_54 minicircle kinetoplast, complete sequence	740	source	Leishmania braziliensis	MHOM/PE/91/LC1412	True	subtype_Leishmania braziliensis	leishmania	leishmania
KY698493.1	Leishmania braziliensis strain MHOM/PE/91/LC1412 clone LC1412_53 minicircle kinetoplast, complete sequence	752	source	Leishmania braziliensis	MHOM/PE/91/LC1412	True	subtype_Leishmania braziliensis	leishmania	leishmania
KY698492.1	Leishmania braziliensis strain MHOM/PE/91/LC1412 clone LC1412_52 minicircle kinetoplast, complete sequence	740	source	Leishmania braziliensis	MHOM/PE/91/LC1412	True	subtype_Leishmania braziliensis	leishmania	leishmania
KY698491.1	Leishmania braziliensis strain MHOM/PE/91/LC1412 clone LC1412_51 minicircle kinetoplast, complete sequence	742	source	Leishmania braziliensis	MHOM/PE/91/LC1412	True	subtype_Leishmania braziliensis	leishmania	leishmania
KY698490.1	Leishmania braziliensis strain MHOM/PE/91/LC1412 clone LC1412_50 minicircle kinetoplast, complete sequence	740	source	Leishmania braziliensis	MHOM/PE/91/LC1412	True	subtype_Leishmania braziliensis	leishmania	leishmania
KY698489.1	Leishmania braziliensis strain MHOM/PE/91/LC1412 clone LC1412_49 minicircle kinetoplast, complete sequence	749	source	Leishmania braziliensis	MHOM/PE/91/LC1412	True	subtype_Leishmania braziliensis	leishmania	leishmania
KY698488.1	Leishmania braziliensis strain MHOM/PE/91/LC1412 clone LC1412_48 minicircle kinetoplast, complete sequence	738	source	Leishmania braziliensis	MHOM/PE/91/LC1412	True	subtype_Leishmania braziliensis	leishmania	leishmania
KY698487.1	Leishmania braziliensis strain MHOM/PE/91/LC1412 clone LC1412_47 minicircle kinetoplast, complete sequence	750	source	Leishmania braziliensis	MHOM/PE/91/LC1412	True	subtype_Leishmania braziliensis	leishmania	leishmania
KY698486.1	Leishmania braziliensis strain MHOM/PE/91/LC1412 clone LC1412_46 minicircle kinetoplast, complete sequence	751	source	Leishmania braziliensis	MHOM/PE/91/LC1412	True	subtype_Leishmania braziliensis	leishmania	leishmania
KY698485.1	Leishmania braziliensis strain MHOM/PE/91/LC1412 clone LC1412_45 minicircle kinetoplast, complete sequence	752	source	Leishmania braziliensis	MHOM/PE/91/LC1412	True	subtype_Leishmania braziliensis	leishmania	leishmania
KY698484.1	Leishmania braziliensis strain MHOM/PE/91/LC1412 clone LC1412_44 minicircle kinetoplast, complete sequence	750	source	Leishmania braziliensis	MHOM/PE/91/LC1412	True	subtype_Leishmania braziliensis	leishmania	leishmania
KY698483.1	Leishmania braziliensis strain MHOM/PE/91/LC1412 clone LC1412_43 minicircle kinetoplast, complete sequence	750	source	Leishmania braziliensis	MHOM/PE/91/LC1412	True	subtype_Leishmania braziliensis	leishmania	leishmania
KY698482.1	Leishmania braziliensis strain MHOM/PE/91/LC1412 clone LC1412_42 minicircle kinetoplast, complete sequence	741	source	Leishmania braziliensis	MHOM/PE/91/LC1412	True	subtype_Leishmania braziliensis	leishmania	leishmania
KY698481.1	Leishmania braziliensis strain MHOM/PE/91/LC1412 clone LC1412_41 minicircle kinetoplast, complete sequence	709	source	Leishmania braziliensis	MHOM/PE/91/LC1412	True	subtype_Leishmania braziliensis	leishmania	leishmania
KY698480.1	Leishmania braziliensis strain MHOM/PE/91/LC1412 clone LC1412_40 minicircle kinetoplast, complete sequence	745	source	Leishmania braziliensis	MHOM/PE/91/LC1412	True	subtype_Leishmania braziliensis	leishmania	leishmania
KY698479.1	Leishmania braziliensis strain MHOM/PE/91/LC1412 clone LC1412_39 minicircle kinetoplast, complete sequence	750	source	Leishmania braziliensis	MHOM/PE/91/LC1412	True	subtype_Leishmania braziliensis	leishmania	leishmania
KY698478.1	Leishmania braziliensis strain MHOM/PE/91/LC1412 clone LC1412_38 minicircle kinetoplast, complete sequence	740	source	Leishmania braziliensis	MHOM/PE/91/LC1412	True	subtype_Leishmania braziliensis	leishmania	leishmania
KY698477.1	Leishmania braziliensis strain MHOM/PE/91/LC1412 clone LC1412_37 minicircle kinetoplast, complete sequence	759	source	Leishmania braziliensis	MHOM/PE/91/LC1412	True	subtype_Leishmania braziliensis	leishmania	leishmania
KY698476.1	Leishmania braziliensis strain MHOM/PE/91/LC1412 clone LC1412_36 minicircle kinetoplast, complete sequence	741	source	Leishmania braziliensis	MHOM/PE/91/LC1412	True	subtype_Leishmania braziliensis	leishmania	leishmania
KY698475.1	Leishmania braziliensis strain MHOM/PE/91/LC1412 clone LC1412_35 minicircle kinetoplast, complete sequence	739	source	Leishmania braziliensis	MHOM/PE/91/LC1412	True	subtype_Leishmania braziliensis	leishmania	leishmania
KY698474.1	Leishmania braziliensis strain MHOM/PE/91/LC1412 clone LC1412_34 minicircle kinetoplast, complete sequence	741	source	Leishmania braziliensis	MHOM/PE/91/LC1412	True	subtype_Leishmania braziliensis	leishmania	leishmania
KY698473.1	Leishmania braziliensis strain MHOM/PE/91/LC1412 clone LC1412_33 minicircle kinetoplast, complete sequence	746	source	Leishmania braziliensis	MHOM/PE/91/LC1412	True	subtype_Leishmania braziliensis	leishmania	leishmania
KY698472.1	Leishmania braziliensis strain MHOM/PE/91/LC1412 clone LC1412_32 minicircle kinetoplast, complete sequence	751	source	Leishmania braziliensis	MHOM/PE/91/LC1412	True	subtype_Leishmania braziliensis	leishmania	leishmania
KY698471.1	Leishmania braziliensis strain MHOM/PE/91/LC1412 clone LC1412_31 minicircle kinetoplast, complete sequence	740	source	Leishmania braziliensis	MHOM/PE/91/LC1412	True	subtype_Leishmania braziliensis	leishmania	leishmania
KY698470.1	Leishmania braziliensis strain MHOM/PE/91/LC1412 clone LC1412_30 minicircle kinetoplast, complete sequence	741	source	Leishmania braziliensis	MHOM/PE/91/LC1412	True	subtype_Leishmania braziliensis	leishmania	leishmania
KY698469.1	Leishmania braziliensis strain MHOM/PE/91/LC1412 clone LC1412_29 minicircle kinetoplast, complete sequence	742	source	Leishmania braziliensis	MHOM/PE/91/LC1412	True	subtype_Leishmania braziliensis	leishmania	leishmania
KY698468.1	Leishmania braziliensis strain MHOM/PE/91/LC1412 clone LC1412_28 minicircle kinetoplast, complete sequence	750	source	Leishmania braziliensis	MHOM/PE/91/LC1412	True	subtype_Leishmania braziliensis	leishmania	leishmania
KY698467.1	Leishmania braziliensis strain MHOM/PE/91/LC1412 clone LC1412_27 minicircle kinetoplast, complete sequence	743	source	Leishmania braziliensis	MHOM/PE/91/LC1412	True	subtype_Leishmania braziliensis	leishmania	leishmania
KY698466.1	Leishmania braziliensis strain MHOM/PE/91/LC1412 clone LC1412_26 minicircle kinetoplast, complete sequence	750	source	Leishmania braziliensis	MHOM/PE/91/LC1412	True	subtype_Leishmania braziliensis	leishmania	leishmania
KY698465.1	Leishmania braziliensis strain MHOM/PE/91/LC1412 clone LC1412_25 minicircle kinetoplast, complete sequence	750	source	Leishmania braziliensis	MHOM/PE/91/LC1412	True	subtype_Leishmania braziliensis	leishmania	leishmania
KY698464.1	Leishmania braziliensis strain MHOM/PE/91/LC1412 clone LC1412_24 minicircle kinetoplast, complete sequence	742	source	Leishmania braziliensis	MHOM/PE/91/LC1412	True	subtype_Leishmania braziliensis	leishmania	leishmania
KY698463.1	Leishmania braziliensis strain MHOM/PE/91/LC1412 clone LC1412_23 minicircle kinetoplast, complete sequence	752	source	Leishmania braziliensis	MHOM/PE/91/LC1412	True	subtype_Leishmania braziliensis	leishmania	leishmania
KY698462.1	Leishmania braziliensis strain MHOM/PE/91/LC1412 clone LC1412_22 minicircle kinetoplast, complete sequence	740	source	Leishmania braziliensis	MHOM/PE/91/LC1412	True	subtype_Leishmania braziliensis	leishmania	leishmania
KY698461.1	Leishmania braziliensis strain MHOM/PE/91/LC1412 clone LC1412_21 minicircle kinetoplast, complete sequence	742	source	Leishmania braziliensis	MHOM/PE/91/LC1412	True	subtype_Leishmania braziliensis	leishmania	leishmania
KY698460.1	Leishmania braziliensis strain MHOM/PE/91/LC1412 clone LC1412_20 minicircle kinetoplast, complete sequence	739	source	Leishmania braziliensis	MHOM/PE/91/LC1412	True	subtype_Leishmania braziliensis	leishmania	leishmania
KY698459.1	Leishmania braziliensis strain MHOM/PE/91/LC1412 clone LC1412_19 minicircle kinetoplast, complete sequence	760	source	Leishmania braziliensis	MHOM/PE/91/LC1412	True	subtype_Leishmania braziliensis	leishmania	leishmania
KY698458.1	Leishmania braziliensis strain MHOM/PE/91/LC1412 clone LC1412_18 minicircle kinetoplast, complete sequence	754	source	Leishmania braziliensis	MHOM/PE/91/LC1412	True	subtype_Leishmania braziliensis	leishmania	leishmania
KY698457.1	Leishmania braziliensis strain MHOM/PE/91/LC1412 clone LC1412_17 minicircle kinetoplast, complete sequence	740	source	Leishmania braziliensis	MHOM/PE/91/LC1412	True	subtype_Leishmania braziliensis	leishmania	leishmania
KY698456.1	Leishmania braziliensis strain MHOM/PE/91/LC1412 clone LC1412_16 minicircle kinetoplast, complete sequence	751	source	Leishmania braziliensis	MHOM/PE/91/LC1412	True	subtype_Leishmania braziliensis	leishmania	leishmania
KY698455.1	Leishmania braziliensis strain MHOM/PE/91/LC1412 clone LC1412_15 minicircle kinetoplast, complete sequence	749	source	Leishmania braziliensis	MHOM/PE/91/LC1412	True	subtype_Leishmania braziliensis	leishmania	leishmania
KY698454.1	Leishmania braziliensis strain MHOM/PE/91/LC1412 clone LC1412_14 minicircle kinetoplast, complete sequence	742	source	Leishmania braziliensis	MHOM/PE/91/LC1412	True	subtype_Leishmania braziliensis	leishmania	leishmania
KY698453.1	Leishmania braziliensis strain MHOM/PE/91/LC1412 clone LC1412_13 minicircle kinetoplast, complete sequence	739	source	Leishmania braziliensis	MHOM/PE/91/LC1412	True	subtype_Leishmania braziliensis	leishmania	leishmania
KY698452.1	Leishmania braziliensis strain MHOM/PE/91/LC1412 clone LC1412_12 minicircle kinetoplast, complete sequence	742	source	Leishmania braziliensis	MHOM/PE/91/LC1412	True	subtype_Leishmania braziliensis	leishmania	leishmania
KY698451.1	Leishmania braziliensis strain MHOM/PE/91/LC1412 clone LC1412_11 minicircle kinetoplast, complete sequence	751	source	Leishmania braziliensis	MHOM/PE/91/LC1412	True	subtype_Leishmania braziliensis	leishmania	leishmania
KY698450.1	Leishmania braziliensis strain MHOM/PE/91/LC1412 clone LC1412_10 minicircle kinetoplast, complete sequence	752	source	Leishmania braziliensis	MHOM/PE/91/LC1412	True	subtype_Leishmania braziliensis	leishmania	leishmania
KY698449.1	Leishmania braziliensis strain MHOM/PE/91/LC1412 clone LC1412_9 minicircle kinetoplast, complete sequence	750	source	Leishmania braziliensis	MHOM/PE/91/LC1412	True	subtype_Leishmania braziliensis	leishmania	leishmania
KY698448.1	Leishmania braziliensis strain MHOM/PE/91/LC1412 clone LC1412_8 minicircle kinetoplast, complete sequence	750	source	Leishmania braziliensis	MHOM/PE/91/LC1412	True	subtype_Leishmania braziliensis	leishmania	leishmania
KY698447.1	Leishmania braziliensis strain MHOM/PE/91/LC1412 clone LC1412_7 minicircle kinetoplast, complete sequence	750	source	Leishmania braziliensis	MHOM/PE/91/LC1412	True	subtype_Leishmania braziliensis	leishmania	leishmania
KY698446.1	Leishmania braziliensis strain MHOM/PE/91/LC1412 clone LC1412_6 minicircle kinetoplast, complete sequence	750	source	Leishmania braziliensis	MHOM/PE/91/LC1412	True	subtype_Leishmania braziliensis	leishmania	leishmania
KY698445.1	Leishmania braziliensis strain MHOM/PE/91/LC1412 clone LC1412_5 minicircle kinetoplast, complete sequence	748	source	Leishmania braziliensis	MHOM/PE/91/LC1412	True	subtype_Leishmania braziliensis	leishmania	leishmania
KY698444.1	Leishmania braziliensis strain MHOM/PE/91/LC1412 clone LC1412_4 minicircle kinetoplast, complete sequence	750	source	Leishmania braziliensis	MHOM/PE/91/LC1412	True	subtype_Leishmania braziliensis	leishmania	leishmania
KY698443.1	Leishmania braziliensis strain MHOM/PE/91/LC1412 clone LC1412_3 minicircle kinetoplast, complete sequence	750	source	Leishmania braziliensis	MHOM/PE/91/LC1412	True	subtype_Leishmania braziliensis	leishmania	leishmania
KY698442.1	Leishmania braziliensis strain MHOM/PE/91/LC1412 clone LC1412_2 minicircle kinetoplast, complete sequence	750	source	Leishmania braziliensis	MHOM/PE/91/LC1412	True	subtype_Leishmania braziliensis	leishmania	leishmania
KY698441.1	Leishmania braziliensis strain MHOM/PE/91/LC1412 clone LC1412_1 minicircle kinetoplast, complete sequence	739	source	Leishmania braziliensis	MHOM/PE/91/LC1412	True	subtype_Leishmania braziliensis	leishmania	leishmania
KY698440.1	Leishmania braziliensis strain MHOM/GF/2006/2006_9 clone 2006_9_23 minicircle kinetoplast, complete sequence	750	source	Leishmania braziliensis	MHOM/GF/2006/2006_9	True	subtype_Leishmania braziliensis	leishmania	leishmania
KY698439.1	Leishmania braziliensis strain MHOM/GF/2006/2006_9 clone 2006_9_22 minicircle kinetoplast, complete sequence	751	source	Leishmania braziliensis	MHOM/GF/2006/2006_9	True	subtype_Leishmania braziliensis	leishmania	leishmania
KY698438.1	Leishmania braziliensis strain MHOM/GF/2006/2006_9 clone 2006_9_21 minicircle kinetoplast, complete sequence	740	source	Leishmania braziliensis	MHOM/GF/2006/2006_9	True	subtype_Leishmania braziliensis	leishmania	leishmania
KY698437.1	Leishmania braziliensis strain MHOM/GF/2006/2006_9 clone 2006_9_20 minicircle kinetoplast, complete sequence	748	source	Leishmania braziliensis	MHOM/GF/2006/2006_9	True	subtype_Leishmania braziliensis	leishmania	leishmania
KY698436.1	Leishmania braziliensis strain MHOM/GF/2006/2006_9 clone 2006_9_19 minicircle kinetoplast, complete sequence	752	source	Leishmania braziliensis	MHOM/GF/2006/2006_9	True	subtype_Leishmania braziliensis	leishmania	leishmania
KY698435.1	Leishmania braziliensis strain MHOM/GF/2006/2006_9 clone 2006_9_18 minicircle kinetoplast, complete sequence	739	source	Leishmania braziliensis	MHOM/GF/2006/2006_9	True	subtype_Leishmania braziliensis	leishmania	leishmania
KY698434.1	Leishmania braziliensis strain MHOM/GF/2006/2006_9 clone 2006_9_17 minicircle kinetoplast, complete sequence	750	source	Leishmania braziliensis	MHOM/GF/2006/2006_9	True	subtype_Leishmania braziliensis	leishmania	leishmania
KY698433.1	Leishmania braziliensis strain MHOM/GF/2006/2006_9 clone 2006_9_16 minicircle kinetoplast, complete sequence	751	source	Leishmania braziliensis	MHOM/GF/2006/2006_9	True	subtype_Leishmania braziliensis	leishmania	leishmania
KY698432.1	Leishmania braziliensis strain MHOM/GF/2006/2006_9 clone 2006_9_15 minicircle kinetoplast, complete sequence	739	source	Leishmania braziliensis	MHOM/GF/2006/2006_9	True	subtype_Leishmania braziliensis	leishmania	leishmania
KY698431.1	Leishmania braziliensis strain MHOM/GF/2006/2006_9 clone 2006_9_14 minicircle kinetoplast, complete sequence	751	source	Leishmania braziliensis	MHOM/GF/2006/2006_9	True	subtype_Leishmania braziliensis	leishmania	leishmania
KY698430.1	Leishmania braziliensis strain MHOM/GF/2006/2006_9 clone 2006_9_13 minicircle kinetoplast, complete sequence	743	source	Leishmania braziliensis	MHOM/GF/2006/2006_9	True	subtype_Leishmania braziliensis	leishmania	leishmania
KY698429.1	Leishmania braziliensis strain MHOM/GF/2006/2006_9 clone 2006_9_12 minicircle kinetoplast, complete sequence	740	source	Leishmania braziliensis	MHOM/GF/2006/2006_9	True	subtype_Leishmania braziliensis	leishmania	leishmania
KY698428.1	Leishmania braziliensis strain MHOM/GF/2006/2006_9 clone 2006_9_11 minicircle kinetoplast, complete sequence	739	source	Leishmania braziliensis	MHOM/GF/2006/2006_9	True	subtype_Leishmania braziliensis	leishmania	leishmania
KY698427.1	Leishmania braziliensis strain MHOM/GF/2006/2006_9 clone 2006_9_10 minicircle kinetoplast, complete sequence	739	source	Leishmania braziliensis	MHOM/GF/2006/2006_9	True	subtype_Leishmania braziliensis	leishmania	leishmania
KY698426.1	Leishmania braziliensis strain MHOM/GF/2006/2006_9 clone 2006_9_9 minicircle kinetoplast, complete sequence	741	source	Leishmania braziliensis	MHOM/GF/2006/2006_9	True	subtype_Leishmania braziliensis	leishmania	leishmania
KY698425.1	Leishmania braziliensis strain MHOM/GF/2006/2006_9 clone 2006_9_8 minicircle kinetoplast, complete sequence	730	source	Leishmania braziliensis	MHOM/GF/2006/2006_9	True	subtype_Leishmania braziliensis	leishmania	leishmania
KY698424.1	Leishmania braziliensis strain MHOM/GF/2006/2006_9 clone 2006_9_7 minicircle kinetoplast, complete sequence	750	source	Leishmania braziliensis	MHOM/GF/2006/2006_9	True	subtype_Leishmania braziliensis	leishmania	leishmania
KY698423.1	Leishmania braziliensis strain MHOM/GF/2006/2006_9 clone 2006_9_6 minicircle kinetoplast, complete sequence	759	source	Leishmania braziliensis	MHOM/GF/2006/2006_9	True	subtype_Leishmania braziliensis	leishmania	leishmania
KY698422.1	Leishmania braziliensis strain MHOM/GF/2006/2006_9 clone 2006_9_5 minicircle kinetoplast, complete sequence	749	source	Leishmania braziliensis	MHOM/GF/2006/2006_9	True	subtype_Leishmania braziliensis	leishmania	leishmania
KY698421.1	Leishmania braziliensis strain MHOM/GF/2006/2006_9 clone 2006_9_4 minicircle kinetoplast, complete sequence	749	source	Leishmania braziliensis	MHOM/GF/2006/2006_9	True	subtype_Leishmania braziliensis	leishmania	leishmania
KY698420.1	Leishmania braziliensis strain MHOM/GF/2006/2006_9 clone 2006_9_3 minicircle kinetoplast, complete sequence	749	source	Leishmania braziliensis	MHOM/GF/2006/2006_9	True	subtype_Leishmania braziliensis	leishmania	leishmania
KY698419.1	Leishmania braziliensis strain MHOM/GF/2006/2006_9 clone 2006_9_2 minicircle kinetoplast, complete sequence	752	source	Leishmania braziliensis	MHOM/GF/2006/2006_9	True	subtype_Leishmania braziliensis	leishmania	leishmania
KY698418.1	Leishmania braziliensis strain MHOM/GF/2006/2006_9 clone 2006_9_1 minicircle kinetoplast, complete sequence	739	source	Leishmania braziliensis	MHOM/GF/2006/2006_9	True	subtype_Leishmania braziliensis	leishmania	leishmania
HQ878382.1	Leishmania guyanensis strain MOHM/BR/75/M4147 minicircle, complete sequence; kinetoplast	699	source	Leishmania guyanensis	MOHM/BR/75/M4147	True	subtype_Leishmania guyanensis	leishmania	leishmania
AF088235.1	Leishmania lainsoni clone A8 kinetoplast minicircle DNA, complete sequence	752	rep_origin; source	Leishmania lainsoni	1730; Peruvian	True	subtype_Leishmania lainsoni	leishmania	leishmania
AF088234.1	Leishmania lainsoni clone 1 kinetoplast minicircle DNA, complete sequence	754	rep_origin; source	Leishmania lainsoni	M6426	True	subtype_Leishmania lainsoni	leishmania	leishmania
AF088233.1	Leishmania lainsoni clone 3 kinetoplast minicircle DNA, complete sequence	753	rep_origin; source	Leishmania lainsoni	M6426	True	subtype_Leishmania lainsoni	leishmania	leishmania
AF088232.1	Leishmania lainsoni clone 2 kinetoplast minicircle DNA, complete sequence	743	rep_origin; source	Leishmania lainsoni	M6426	True	subtype_Leishmania lainsoni	leishmania	leishmania
AF088230.1	Leishmania lainsoni clone B(a) kinetoplast minicircle DNA, complete sequence	746	source	Leishmania lainsoni	1895; Peruvian	True	subtype_Leishmania lainsoni	leishmania	leishmania
AF088229.1	Leishmania lainsoni clone A(d) kinetoplast minicircle DNA, complete sequence	744	source	Leishmania lainsoni	1895; Peruvian	True	subtype_Leishmania lainsoni	leishmania	leishmania
AF088228.1	Leishmania lainsoni clone 4A kinetoplast minicircle DNA, complete sequence	746	source	Leishmania lainsoni	1832; Peruvian	True	subtype_Leishmania lainsoni	leishmania	leishmania
AF088227.1	Leishmania lainsoni clone 4B kinetoplast minicircle DNA, complete sequence	744	source	Leishmania lainsoni	1732	True	subtype_Leishmania lainsoni	leishmania	leishmania
AF088226.1	Leishmania lainsoni clone B kinetoplast minicircle DNA, complete sequence	744	source	Leishmania lainsoni	M7556	True	subtype_Leishmania lainsoni	leishmania	leishmania
AF088225.1	Leishmania lainsoni clone A kinetoplast minicircle DNA, complete sequence	744	source	Leishmania lainsoni	M7556	True	subtype_Leishmania lainsoni	leishmania	leishmania
AF088231.1	Leishmania lainsoni clone B4 kinetoplast minicircle DNA, complete sequence	744	rep_origin; source	Leishmania lainsoni	M6426	True	subtype_Leishmania lainsoni	leishmania	leishmania
AF118474.1	Leishmania panamensis isolate loc173 kinetoplast minicircle DNA, complete sequence	750	misc_feature; source	Leishmania panamensis	MHOM/PA/75/M4037	True	subtype_Leishmania panamensis	leishmania	leishmania
AF118473.1	Leishmania panamensis isolate loc165 kinetoplast minicircle DNA, complete sequence	741	misc_feature; source	Leishmania panamensis	MHOM/PA/75/M4037	True	subtype_Leishmania panamensis	leishmania	leishmania
AF118472.1	Leishmania panamensis isolate loc148 kinetoplast minicircle DNA, complete sequence	750	misc_feature; source	Leishmania panamensis	MHOM/PA/75/M4037	True	subtype_Leishmania panamensis	leishmania	leishmania
AF118471.1	Leishmania panamensis isolate loc97 kinetoplast minicircle DNA, complete sequence	750	misc_feature; source	Leishmania panamensis	MHOM/PA/75/M4037	True	subtype_Leishmania panamensis	leishmania	leishmania
AF118470.1	Leishmania panamensis isolate loc168 kinetoplast minicircle DNA, complete sequence	750	misc_feature; source	Leishmania panamensis	MHOM/PA/75/M4037	True	subtype_Leishmania panamensis	leishmania	leishmania
AF118469.1	Leishmania panamensis isolate loc158 kinetoplast minicircle DNA, complete sequence	749	misc_feature; source	Leishmania panamensis	MHOM/PA/75/M4037	True	subtype_Leishmania panamensis	leishmania	leishmania
AF118468.1	Leishmania panamensis isolate loc98 kinetoplast minicircle DNA, complete sequence	733	misc_feature; source	Leishmania panamensis	MHOM/PA/75/M4037	True	subtype_Leishmania panamensis	leishmania	leishmania
AF118467.1	Leishmania panamensis isolate loc50 kinetoplast minicircle DNA, complete sequence	750	misc_feature; source	Leishmania panamensis	MHOM/PA/75/M4037	True	subtype_Leishmania panamensis	leishmania	leishmania
AF118466.1	Leishmania panamensis isolate loc48 kinetoplast minicircle DNA, complete sequence	742	misc_feature; source	Leishmania panamensis	MHOM/PA/75/M4037	True	subtype_Leishmania panamensis	leishmania	leishmania
AF118465.1	Leishmania panamensis isolate loc44 kinetoplast minicircle DNA, complete sequence	734	misc_feature; source	Leishmania panamensis	MHOM/PA/75/M4037	True	subtype_Leishmania panamensis	leishmania	leishmania
AF118464.1	Leishmania panamensis isolate loc41 kinetoplast minicircle DNA, complete sequence	740	misc_feature; source	Leishmania panamensis	MHOM/PA/75/M4037	True	subtype_Leishmania panamensis	leishmania	leishmania
AF118463.1	Leishmania panamensis isolate loc36 kinetoplast minicircle DNA, complete sequence	751	misc_feature; source	Leishmania panamensis	MHOM/PA/75/M4037	True	subtype_Leishmania panamensis	leishmania	leishmania
AF118462.1	Leishmania panamensis isolate loc35 kinetoplast minicircle DNA, complete sequence	749	misc_feature; source	Leishmania panamensis	MHOM/PA/75/M4037	True	subtype_Leishmania panamensis	leishmania	leishmania
AF118461.1	Leishmania panamensis isolate loc31 kinetoplast minicircle DNA, complete sequence	740	misc_feature; source	Leishmania panamensis	MHOM/PA/75/M4037	True	subtype_Leishmania panamensis	leishmania	leishmania
AF118460.1	Leishmania panamensis isolate loc30 kinetoplast minicircle DNA, complete sequence	732	misc_feature; source	Leishmania panamensis	MHOM/PA/75/M4037	True	subtype_Leishmania panamensis	leishmania	leishmania
AF118459.1	Leishmania panamensis isolate loc29 kinetoplast minicircle DNA, complete sequence	749	misc_feature; source	Leishmania panamensis	MHOM/PA/75/M4037	True	subtype_Leishmania panamensis	leishmania	leishmania
AF118458.1	Leishmania panamensis isolate loc28 kinetoplast minicircle DNA, complete sequence	747	misc_feature; source	Leishmania panamensis	MHOM/PA/75/M4037	True	subtype_Leishmania panamensis	leishmania	leishmania
AF118457.1	Leishmania panamensis isolate loc3 kinetoplast minicircle DNA, complete sequence	739	misc_feature; source	Leishmania panamensis	MHOM/PA/75/M4037	True	subtype_Leishmania panamensis	leishmania	leishmania
AF118456.1	Leishmania panamensis isolate loc254 kinetoplast minicircle DNA, complete sequence	734	misc_feature; source	Leishmania panamensis	MHOM/PA/75/M4037	True	subtype_Leishmania panamensis	leishmania	leishmania
AF118455.1	Leishmania panamensis isolate loc246 kinetoplast minicircle DNA, complete sequence	733	misc_feature; source	Leishmania panamensis	MHOM/PA/75/M4037	True	subtype_Leishmania panamensis	leishmania	leishmania
AF118454.1	Leishmania panamensis isolate loc245 kinetoplast minicircle DNA, complete sequence	739	misc_feature; source	Leishmania panamensis	MHOM/PA/75/M4037	True	subtype_Leishmania panamensis	leishmania	leishmania
AF130467.1	Leishmania guyanensis kinetoplast minicircle DNA sequence	858	source	Leishmania guyanensis	M4147	True	subtype_Leishmania guyanensis	leishmania	leishmania
M87316.1	Leishmania viannia guyanensis DNA sequence	741	source	Leishmania guyanensis	Unknown	True	subtype_Leishmania guyanensis	leishmania	leishmania
M87315.1	Leishmania viannia braziliensis DNA sequence	749	source	Leishmania braziliensis	Unknown	True	subtype_Leishmania braziliensis	leishmania	leishmania
